id	image_filename	mask_filename	match_type
AH091208per115_CNP	AH091208per115_CNP.JPG	AH091208per115_CNP.tiff	exact
AH091208per115_CP	AH091208per115_CP.JPG	AH091208per115_CP.tiff	exact
BW091608per120_CNP	BW091608per120_CNP.JPG	BW091608per120_CNP.tiff	exact
DA100608per145_CP	DA100608per145_CP.JPG	DA100608per145_CP.tiff	exact
DA100608per146_CP	DA100608per146_CP.JPG	DA100608per146_CP.tiff	exact
DS_0100053	DS_0100053.jpg	DS_0100053.tiff	exact
DS_0100241	DS_0100241.jpg	DS_0100241.tiff	exact
DS_0100457	DS_0100457.jpg	DS_0100457.tiff	exact
DS_0100459	DS_0100459.jpg	DS_0100459.tiff	exact
DS_0100933	DS_0100933.jpg	DS_0100933.tiff	exact
DS_0101043	DS_0101043.jpg	DS_0101043.tiff	exact
DS_0101252	DS_0101252.jpg	DS_0101252.tiff	exact
DS_0101268	DS_0101268.jpg	DS_0101268.tiff	exact
DS_0101288	DS_0101288.jpg	DS_0101288.tiff	exact
DS_0101293	DS_0101293.jpg	DS_0101293.tiff	exact
DS_0101603	DS_0101603.jpg	DS_0101603.tiff	exact
DS_0101615	DS_0101615.jpg	DS_0101615.tiff	exact
DS_0102144	DS_0102144.jpg	DS_0102144.tiff	exact
DS_0102299	DS_0102299.jpg	DS_0102299.tiff	exact
DS_0102389	DS_0102389.jpg	DS_0102389.tiff	exact
DS_0102424	DS_0102424.jpg	DS_0102424.tiff	exact
DS_0102559	DS_0102559.jpg	DS_0102559.tiff	exact
DS_0102784	DS_0102784.jpg	DS_0102784.tiff	exact
DS_0103201	DS_0103201.jpg	DS_0103201.tiff	exact
DS_0103302	DS_0103302.jpg	DS_0103302.tiff	exact
DS_0103316	DS_0103316.jpg	DS_0103316.tiff	exact
DS_0103398	DS_0103398.jpg	DS_0103398.tiff	exact
DS_0103406	DS_0103406.jpg	DS_0103406.tiff	exact
DS_0103512	DS_0103512.jpg	DS_0103512.tiff	exact
DS_0103579	DS_0103579.jpg	DS_0103579.tiff	exact
DS_0103645	DS_0103645.jpg	DS_0103645.tiff	exact
DS_0103852	DS_0103852.jpg	DS_0103852.tiff	exact
DS_0103917	DS_0103917.jpg	DS_0103917.tiff	exact
DS_0104075	DS_0104075.jpg	DS_0104075.tiff	exact
DS_0104138	DS_0104138.jpg	DS_0104138.tiff	exact
DS_0104274	DS_0104274.jpg	DS_0104274.tif	exact
DS_0104398	DS_0104398.jpg	DS_0104398.tif	exact
DS_0104687	DS_0104687.jpg	DS_0104687.tif	exact
DS_0104863	DS_0104863.jpg	DS_0104863.tif	exact
DS_0105185	DS_0105185.jpg	DS_0105185.tif	exact
DS_0105219	DS_0105219.jpg	DS_0105219.tif	exact
DS_0105273	DS_0105273.jpg	DS_0105273.tif	exact
DS_0105532	DS_0105532.jpg	DS_0105532.tif	exact
DS_0105578	DS_0105578.jpg	DS_0105578.tif	exact
DS_0105594	DS_0105594.jpg	DS_0105594.tif	exact
DS_0105826	DS_0105826.jpg	DS_0105826.tif	exact
DS_0105865	DS_0105865.jpg	DS_0105865.tif	exact
DS_0105886	DS_0105886.jpg	DS_0105886.tif	exact
DS_0105945	DS_0105945.jpg	DS_0105945.tif	exact
DS_0106105	DS_0106105.jpg	DS_0106105.tif	exact
DS_0106189	DS_0106189.jpg	DS_0106189.tif	exact
DS_0106317	DS_0106317.jpg	DS_0106317.tif	exact
DS_0106341	DS_0106341.jpg	DS_0106341.tif	exact
DS_0106389	DS_0106389.jpg	DS_0106389.tif	exact
DS_0106396	DS_0106396.jpg	DS_0106396.tif	exact
DS_0106461	DS_0106461.jpg	DS_0106461.tif	exact
DS_0106475	DS_0106475.jpg	DS_0106475.tif	exact
DS_0106521	DS_0106521.jpg	DS_0106521.tif	exact
DS_0106802	DS_0106802.jpg	DS_0106802.tif	exact
DS_0106953	DS_0106953.jpg	DS_0106953.tif	exact
DS_0107139	DS_0107139.jpg	DS_0107139.tif	exact
DS_0107226	DS_0107226.jpg	DS_0107226.tif	exact
DS_0107283	DS_0107283.jpg	DS_0107283.tif	exact
DS_0107315	DS_0107315.jpg	DS_0107315.tif	exact
DS_0107330	DS_0107330.jpg	DS_0107330.tif	exact
DS_0126647	DS_0126647.jpg	DS_0126647.TIF	exact
DS_0126718	DS_0126718.jpg	DS_0126718.TIF	exact
DS_0126791	DS_0126791.jpg	DS_0126791.TIF	exact
DS_0126823	DS_0126823.jpg	DS_0126823.TIF	exact
DS_0127164	DS_0127164.jpg	DS_0127164.TIF	exact
DS_0127177	DS_0127177.jpg	DS_0127177.TIF	exact
DS_0127277	DS_0127277.jpg	DS_0127277.TIF	exact
DS_0127379	DS_0127379.jpg	DS_0127379.TIF	exact
DS_0127486	DS_0127486.jpg	DS_0127486.TIF	exact
DS_0127553	DS_0127553.jpg	DS_0127553.TIF	exact
DS_0127800	DS_0127800.jpg	DS_0127800.TIF	exact
DS_0127805	DS_0127805.jpg	DS_0127805.tiff	exact
DS_0127904	DS_0127904.jpg	DS_0127904.tiff	exact
DS_0128046	DS_0128046.jpg	DS_0128046.tiff	exact
DS_0128051	DS_0128051.jpg	DS_0128051.tiff	exact
DS_0128115	DS_0128115.jpg	DS_0128115.tiff	exact
DS_0128406	DS_0128406.jpg	DS_0128406.tiff	exact
DS_0128603	DS_0128603.jpg	DS_0128603.tiff	exact
DS_0128621	DS_0128621.jpg	DS_0128621.tiff	exact
DS_0128755	DS_0128755.jpg	DS_0128755.tiff	exact
DS_0128820	DS_0128820.jpg	DS_0128820.tiff	exact
DS_0129056	DS_0129056.jpg	DS_0129056.tiff	exact
DS_0129060	DS_0129060.jpg	DS_0129060.tiff	exact
DS_0129207	DS_0129207.jpg	DS_0129207.tiff	exact
DS_0129212	DS_0129212.jpg	DS_0129212.tiff	exact
DS_0129310	DS_0129310.jpg	DS_0129310.tiff	exact
DS_0129320	DS_0129320.jpg	DS_0129320.tiff	exact
DS_0129331	DS_0129331.jpg	DS_0129331.tiff	exact
DS_0129377	DS_0129377.jpg	DS_0129377.tiff	exact
DS_0129421	DS_0129421.jpg	DS_0129421.tiff	exact
DS_0129440	DS_0129440.jpg	DS_0129440.tiff	exact
DS_0129533	DS_0129533.jpg	DS_0129533.tiff	exact
DS_0129566	DS_0129566.jpg	DS_0129566.tiff	exact
DS_0129737	DS_0129737.jpg	DS_0129737.tiff	exact
DS_0129739	DS_0129739.jpg	DS_0129739.tiff	exact
DS_0129828	DS_0129828.jpg	DS_0129828.tiff	exact
DS_0130067	DS_0130067.jpg	DS_0130067.tiff	exact
DS_0130080	DS_0130080.jpg	DS_0130080.tiff	exact
DS_0130150	DS_0130150.jpg	DS_0130150.tiff	exact
DS_0132960	DS_0132960.jpg	DS_0132960.tif	exact
DS_0133099	DS_0133099.jpg	DS_0133099.tif	exact
DS_0133158	DS_0133158.jpg	DS_0133158.tif	exact
DS_0133644	DS_0133644.jpg	DS_0133644.tif	exact
DS_0133710	DS_0133710.jpg	DS_0133710.tif	exact
DS_0133772	DS_0133772.jpg	DS_0133772.tif	exact
DS_0133843	DS_0133843.jpg	DS_0133843.tif	exact
DS_0133906	DS_0133906.jpg	DS_0133906.tif	exact
DS_0134089	DS_0134089.jpg	DS_0134089.tif	exact
DS_0134092	DS_0134092.jpg	DS_0134092.tif	exact
DS_0134307	DS_0134307.jpg	DS_0134307.tif	exact
DS_0134439	DS_0134439.jpg	DS_0134439.tif	exact
DS_0134458	DS_0134458.jpg	DS_0134458.tif	exact
DS_0134643	DS_0134643.jpg	DS_0134643.tif	exact
DS_0134995	DS_0134995.jpg	DS_0134995.tif	exact
DS_0135062	DS_0135062.jpg	DS_0135062.tif	exact
DS_0135070	DS_0135070.jpg	DS_0135070.tif	exact
DS_0135273	DS_0135273.jpg	DS_0135273.tif	exact
DS_0135497	DS_0135497.jpg	DS_0135497.tif	exact
DS_0135649	DS_0135649.jpg	DS_0135649.tif	exact
DS_0135659	DS_0135659.jpg	DS_0135659.tif	exact
DS_0135679	DS_0135679.jpg	DS_0135679.tif	exact
DS_0135761	DS_0135761.jpg	DS_0135761.tif	exact
DS_0135775	DS_0135775.jpg	DS_0135775.tif	exact
DS_0135856	DS_0135856.jpg	DS_0135856.tif	exact
DS_0135925	DS_0135925.jpg	DS_0135925.tif	exact
DS_0135963	DS_0135963.jpg	DS_0135963.tif	exact
DS_0136057	DS_0136057.jpg	DS_0136057.tif	exact
DS_0136134	DS_0136134.jpg	DS_0136134.tif	exact
DS_0136135	DS_0136135.jpg	DS_0136135.tif	exact
DS_0136195	DS_0136195.jpg	DS_0136195.tif	exact
DS_0136319	DS_0136319.jpg	DS_0136319.tif	exact
DS_0136459	DS_0136459.jpg	DS_0136459.tif	exact
DS_0136556	DS_0136556.jpg	DS_0136556.tif	exact
DS_0136603	DS_0136603.jpg	DS_0136603.tif	exact
DS_0136639	DS_0136639.jpg	DS_0136639.tif	exact
DS_0136653	DS_0136653.jpg	DS_0136653.tif	exact
DS_0136771	DS_0136771.jpg	DS_0136771.tif	exact
DS_0136817	DS_0136817.jpg	DS_0136817.tif	exact
DS_0136878	DS_0136878.jpg	DS_0136878.tif	exact
DS_0137044	DS_0137044.jpg	DS_0137044.tif	exact
DS_0137136	DS_0137136.jpg	DS_0137136.tif	exact
DS_0137250	DS_0137250.jpg	DS_0137250.tif	exact
DS_0137256	DS_0137256.jpg	DS_0137256.tif	exact
DS_0137435	DS_0137435.jpg	DS_0137435.tif	exact
DS_0137489	DS_0137489.jpg	DS_0137489.tif	exact
DS_0137517	DS_0137517.jpg	DS_0137517.tif	exact
DS_0137534	DS_0137534.jpg	DS_0137534.tif	exact
DS_0137603	DS_0137603.jpg	DS_0137603.tif	exact
DS_0137620	DS_0137620.jpg	DS_0137620.tif	exact
DS_0137676	DS_0137676.jpg	DS_0137676.tif	exact
DS_0137747	DS_0137747.jpg	DS_0137747.tif	exact
DS_0137888	DS_0137888.jpg	DS_0137888.tif	exact
DS_0137938	DS_0137938.jpg	DS_0137938.tif	exact
DS_0138185	DS_0138185.jpg	DS_0138185.tif	exact
DS_0138208	DS_0138208.jpg	DS_0138208.tif	exact
DS_0138228	DS_0138228.jpg	DS_0138228.tif	exact
DS_0138426	DS_0138426.jpg	DS_0138426.tif	exact
DS_0138517	DS_0138517.jpg	DS_0138517.tif	exact
DS_0138631	DS_0138631.jpg	DS_0138631.tif	exact
DS_0138930	DS_0138930.jpg	DS_0138930.tif	exact
DS_0138975	DS_0138975.jpg	DS_0138975.tif	exact
DS_0139112	DS_0139112.jpg	DS_0139112.tif	exact
DS_0139131	DS_0139131.jpg	DS_0139131.tif	exact
DS_0139306	DS_0139306.jpg	DS_0139306.tif	exact
DS_0139330	DS_0139330.jpg	DS_0139330.tiff	exact
DS_0139377	DS_0139377.jpg	DS_0139377.tiff	exact
DS_0139421	DS_0139421.jpg	DS_0139421.tiff	exact
DS_0139513	DS_0139513.jpg	DS_0139513.tiff	exact
DS_0139819	DS_0139819.jpg	DS_0139819.tiff	exact
DS_0139960	DS_0139960.jpg	DS_0139960.tiff	exact
DS_0140351	DS_0140351.jpg	DS_0140351.tiff	exact
DS_0140495	DS_0140495.jpg	DS_0140495.tiff	exact
DS_0140694	DS_0140694.jpg	DS_0140694.tiff	exact
DS_0140716	DS_0140716.jpg	DS_0140716.tiff	exact
DS_0140860	DS_0140860.jpg	DS_0140860.tiff	exact
DS_0141000	DS_0141000.jpg	DS_0141000.tiff	exact
DS_0141357	DS_0141357.jpg	DS_0141357.tiff	exact
DS_0141585	DS_0141585.jpg	DS_0141585.tiff	exact
DS_0141685	DS_0141685.jpg	DS_0141685.tiff	exact
DS_0141844	DS_0141844.jpg	DS_0141844.tiff	exact
DS_0141910	DS_0141910.jpg	DS_0141910.tiff	exact
DS_0141980	DS_0141980.jpg	DS_0141980.tiff	exact
DS_0142048	DS_0142048.jpg	DS_0142048.tiff	exact
DS_0142077	DS_0142077.jpg	DS_0142077.tiff	exact
DS_0142104	DS_0142104.jpg	DS_0142104.tiff	exact
DS_0142186	DS_0142186.jpg	DS_0142186.tiff	exact
DS_0142229	DS_0142229.jpg	DS_0142229.tiff	exact
DS_0142314	DS_0142314.jpg	DS_0142314.tiff	exact
DS_0142368	DS_0142368.jpg	DS_0142368.tiff	exact
DS_0142448	DS_0142448.jpg	DS_0142448.tiff	exact
DS_0142484	DS_0142484.jpg	DS_0142484.tiff	exact
DS_0142642	DS_0142642.jpg	DS_0142642.tiff	exact
DS_0142897	DS_0142897.jpg	DS_0142897.tiff	exact
DS_0142971	DS_0142971.jpg	DS_0142971.tiff	exact
DS_0143424	DS_0143424.jpg	DS_0143424.tiff	exact
DS_0143440	DS_0143440.jpg	DS_0143440.tiff	exact
DS_0143471	DS_0143471.jpg	DS_0143471.tiff	exact
DS_0143545	DS_0143545.jpg	DS_0143545.tiff	exact
DS_0143783	DS_0143783.jpg	DS_0143783.tiff	exact
DS_0144064	DS_0144064.jpg	DS_0144064.tiff	exact
DS_0144239	DS_0144239.jpg	DS_0144239.tiff	exact
DS_0144483	DS_0144483.jpg	DS_0144483.tiff	exact
DS_0144621	DS_0144621.jpg	DS_0144621.tiff	exact
DS_0145332	DS_0145332.jpg	DS_0145332.tiff	exact
DS_0145425	DS_0145425.jpg	DS_0145425.tiff	exact
DS_0145533	DS_0145533.jpg	DS_0145533.tiff	exact
DS_0145596	DS_0145596.jpg	DS_0145596.tiff	exact
DS_0146028	DS_0146028.jpg	DS_0146028.tiff	exact
DS_0146595	DS_0146595.jpg	DS_0146595.tiff	exact
DS_0146711	DS_0146711.jpg	DS_0146711.tiff	exact
DS_0146763	DS_0146763.jpg	DS_0146763.tiff	exact
DS_0147624	DS_0147624.jpg	DS_0147624.tiff	exact
DS_0147637	DS_0147637.jpg	DS_0147637.tiff	exact
DS_0147775	DS_0147775.jpg	DS_0147775.tiff	exact
DS_0148113	DS_0148113.jpg	DS_0148113.tiff	exact
DS_0148954	DS_0148954.jpg	DS_0148954.tiff	exact
DS_0150058	DS_0150058.jpg	DS_0150058.tiff	exact
DS_0150376	DS_0150376.jpg	DS_0150376.tiff	exact
DS_0150546	DS_0150546.jpg	DS_0150546.tiff	exact
DS_0150551	DS_0150551.jpg	DS_0150551.tiff	exact
DS_0150836	DS_0150836.jpg	DS_0150836.tiff	exact
DS_0150952	DS_0150952.jpg	DS_0150952.tiff	exact
DS_0152033	DS_0152033.jpg	DS_0152033.tiff	exact
DS_0152105	DS_0152105.jpg	DS_0152105.tiff	exact
DS_0152198	DS_0152198.jpg	DS_0152198.tiff	exact
DS_0152728	DS_0152728.jpg	DS_0152728.tiff	exact
DS_0153257	DS_0153257.jpg	DS_0153257.tiff	exact
DS_0153270	DS_0153270.jpg	DS_0153270.tiff	exact
DS_0153304	DS_0153304.jpg	DS_0153304.tiff	exact
DS_0153407	DS_0153407.jpg	DS_0153407.tiff	exact
DS_0153522	DS_0153522.jpg	DS_0153522.tiff	exact
DS_0153753	DS_0153753.jpg	DS_0153753.tiff	exact
DS_0153992	DS_0153992.jpg	DS_0153992.tiff	exact
DS_0154087	DS_0154087.jpg	DS_0154087.tiff	exact
DS_0154329	DS_0154329.jpg	DS_0154329.tiff	exact
DS_0154594	DS_0154594.jpg	DS_0154594.tiff	exact
DS_0154817	DS_0154817.jpg	DS_0154817.tiff	exact
DS_0154994	DS_0154994.jpg	DS_0154994.tiff	exact
DS_0155193	DS_0155193.jpg	DS_0155193.tiff	exact
DS_0155304	DS_0155304.jpg	DS_0155304.tiff	exact
DS_0155512	DS_0155512.jpg	DS_0155512.tiff	exact
DS_0155567	DS_0155567.jpg	DS_0155567.tiff	exact
DS_0155885	DS_0155885.jpg	DS_0155885.tiff	exact
DS_0156026	DS_0156026.jpg	DS_0156026.tiff	exact
DS_0156625	DS_0156625.jpg	DS_0156625.tiff	exact
DS_0156713	DS_0156713.jpg	DS_0156713.tiff	exact
DS_0156900	DS_0156900.jpg	DS_0156900.tiff	exact
DS_0157164	DS_0157164.jpg	DS_0157164.tiff	exact
DS_0157328	DS_0157328.jpg	DS_0157328.tiff	exact
DS_0157458	DS_0157458.jpg	DS_0157458.tiff	exact
DS_0157493	DS_0157493.jpg	DS_0157493.tiff	exact
DS_0157499	DS_0157499.jpg	DS_0157499.tiff	exact
DS_0157507	DS_0157507.jpg	DS_0157507.tiff	exact
DS_0157539	DS_0157539.jpg	DS_0157539.tiff	exact
DS_0157615	DS_0157615.jpg	DS_0157615.tiff	exact
DS_0157864	DS_0157864.jpg	DS_0157864.tiff	exact
DS_0158011	DS_0158011.jpg	DS_0158011.tiff	exact
DS_0158184	DS_0158184.jpg	DS_0158184.tiff	exact
DS_0158265	DS_0158265.jpg	DS_0158265.tiff	exact
DS_0158347	DS_0158347.jpg	DS_0158347.tiff	exact
DS_0158780	DS_0158780.jpg	DS_0158780.tiff	exact
DS_0158939	DS_0158939.jpg	DS_0158939.tiff	exact
DS_0159086	DS_0159086.jpg	DS_0159086.tiff	exact
DS_0159323	DS_0159323.jpg	DS_0159323.tiff	exact
DS_0159489	DS_0159489.jpg	DS_0159489.tiff	exact
DS_0159828	DS_0159828.jpg	DS_0159828.tiff	exact
DS_0160161	DS_0160161.jpg	DS_0160161.tiff	exact
DS_0160428	DS_0160428.jpg	DS_0160428.tiff	exact
DS_0160574	DS_0160574.jpg	DS_0160574.tiff	exact
DS_0160677	DS_0160677.jpg	DS_0160677.tiff	exact
DS_0160742	DS_0160742.jpg	DS_0160742.tiff	exact
DS_0161048	DS_0161048.jpg	DS_0161048.tiff	exact
DS_0161492	DS_0161492.jpg	DS_0161492.tiff	exact
DS_0161582	DS_0161582.jpg	DS_0161582.tiff	exact
DS_0161604	DS_0161604.jpg	DS_0161604.tiff	exact
DS_0162012	DS_0162012.jpg	DS_0162012.tiff	exact
DS_0162087	DS_0162087.jpg	DS_0162087.tiff	exact
DS_0162178	DS_0162178.jpg	DS_0162178.tiff	exact
DS_0162738	DS_0162738.jpg	DS_0162738.tiff	exact
DS_0163115	DS_0163115.jpg	DS_0163115.tiff	exact
DS_0163235	DS_0163235.jpg	DS_0163235.tiff	exact
DS_0163355	DS_0163355.jpg	DS_0163355.tiff	exact
DS_0163431	DS_0163431.jpg	DS_0163431.tiff	exact
DS_0163621	DS_0163621.jpg	DS_0163621.tiff	exact
DS_0163831	DS_0163831.jpg	DS_0163831.tiff	exact
DS_0164011	DS_0164011.jpg	DS_0164011.tiff	exact
DS_0164060	DS_0164060.jpg	DS_0164060.tiff	exact
DS_0164119	DS_0164119.jpg	DS_0164119.tiff	exact
DS_0164313	DS_0164313.jpg	DS_0164313.tiff	exact
DS_0164322	DS_0164322.jpg	DS_0164322.tiff	exact
DS_0164685	DS_0164685.jpg	DS_0164685.tiff	exact
DS_0164751	DS_0164751.jpg	DS_0164751.tiff	exact
DS_0164924	DS_0164924.jpg	DS_0164924.tiff	exact
DS_0164973	DS_0164973.jpg	DS_0164973.tiff	exact
EH112408per192_CNP	EH112408per192_CNP.JPG	EH112408per192_CNP.tiff	exact
EH112408per192_NCP	EH112408per192_NCP.JPG	EH112408per192_NCP.tiff	exact
GK112408per194_CNP	GK112408per194_CNP.JPG	GK112408per194_CNP.tiff	exact
GS121908per199_CNP	GS121908per199_CNP.JPG	GS121908per199_CNP.tiff	exact
GS121908per199_CP	GS121908per199_CP.JPG	GS121908per199_CP.tiff	exact
GS121908per199_NCP	GS121908per199_NCP.JPG	GS121908per199_NCP.tiff	exact
ISIC_0024331	ISIC_0024331.jpg	ISIC_0024331.tiff	exact
ISIC_0024332	ISIC_0024332.jpg	ISIC_0024332.tiff	exact
ISIC_0024345	ISIC_0024345.jpg	ISIC_0024345.tiff	exact
ISIC_0024360	ISIC_0024360.jpg	ISIC_0024360.tiff	exact
ISIC_0024403	ISIC_0024403.jpg	ISIC_0024403.tiff	exact
ISIC_0024431	ISIC_0024431.jpg	ISIC_0024431.tiff	exact
ISIC_0024432	ISIC_0024432.jpg	ISIC_0024432.tiff	exact
ISIC_0024436	ISIC_0024436.jpg	ISIC_0024436.tiff	exact
ISIC_0024443	ISIC_0024443.jpg	ISIC_0024443.tiff	exact
ISIC_0024448	ISIC_0024448.jpg	ISIC_0024448.tiff	exact
ISIC_0024452	ISIC_0024452.jpg	ISIC_0024452.tiff	exact
ISIC_0024454	ISIC_0024454.jpg	ISIC_0024454.tiff	exact
ISIC_0024457	ISIC_0024457.jpg	ISIC_0024457.tiff	exact
ISIC_0024461	ISIC_0024461.jpg	ISIC_0024461.tiff	exact
ISIC_0024472	ISIC_0024472.jpg	ISIC_0024472.tiff	exact
ISIC_0024504	ISIC_0024504.jpg	ISIC_0024504.tiff	exact
ISIC_0024550	ISIC_0024550.jpg	ISIC_0024550.tiff	exact
ISIC_0024564	ISIC_0024564.jpg	ISIC_0024564.tiff	exact
ISIC_0024572	ISIC_0024572.jpg	ISIC_0024572.tiff	exact
ISIC_0024573	ISIC_0024573.jpg	ISIC_0024573.tiff	exact
ISIC_0024590	ISIC_0024590.jpg	ISIC_0024590.tiff	exact
ISIC_0024632	ISIC_0024632.jpg	ISIC_0024632.tiff	exact
ISIC_0024634	ISIC_0024634.jpg	ISIC_0024634.tiff	exact
ISIC_0024665	ISIC_0024665.jpg	ISIC_0024665.tiff	exact
ISIC_0024795	ISIC_0024795.jpg	ISIC_0024795.tiff	exact
ISIC_0024799	ISIC_0024799.jpg	ISIC_0024799.tiff	exact
ISIC_0024829	ISIC_0024829.jpg	ISIC_0024829.tiff	exact
ISIC_0024848	ISIC_0024848.jpg	ISIC_0024848.tiff	exact
ISIC_0024885	ISIC_0024885.jpg	ISIC_0024885.tiff	exact
ISIC_0024949	ISIC_0024949.jpg	ISIC_0024949.tiff	exact
ISIC_0025046	ISIC_0025046.jpg	ISIC_0025046.tiff	exact
ISIC_0025102	ISIC_0025102.jpg	ISIC_0025102.tiff	exact
ISIC_0025144	ISIC_0025144.jpg	ISIC_0025144.tiff	exact
ISIC_0025260	ISIC_0025260.jpg	ISIC_0025260.tiff	exact
ISIC_0025285	ISIC_0025285.jpg	ISIC_0025285.tiff	exact
ISIC_0025299	ISIC_0025299.jpg	ISIC_0025299.tiff	exact
ISIC_0025301	ISIC_0025301.jpg	ISIC_0025301.tiff	exact
ISIC_0025362	ISIC_0025362.jpg	ISIC_0025362.tiff	exact
ISIC_0025383	ISIC_0025383.jpg	ISIC_0025383.tiff	exact
ISIC_0025433	ISIC_0025433.jpg	ISIC_0025433.tiff	exact
ISIC_0025467	ISIC_0025467.jpg	ISIC_0025467.tiff	exact
ISIC_0025509	ISIC_0025509.jpg	ISIC_0025509.tiff	exact
ISIC_0025513	ISIC_0025513.jpg	ISIC_0025513.tiff	exact
ISIC_0025557	ISIC_0025557.jpg	ISIC_0025557.tiff	exact
ISIC_0025576	ISIC_0025576.jpg	ISIC_0025576.tiff	exact
ISIC_0025584	ISIC_0025584.jpg	ISIC_0025584.tiff	exact
ISIC_0025601	ISIC_0025601.jpg	ISIC_0025601.tiff	exact
ISIC_0025700	ISIC_0025700.jpg	ISIC_0025700.tiff	exact
ISIC_0025752	ISIC_0025752.jpg	ISIC_0025752.tiff	exact
ISIC_0025826	ISIC_0025826.jpg	ISIC_0025826.tiff	exact
ISIC_0025932	ISIC_0025932.jpg	ISIC_0025932.tiff	exact
ISIC_0025975	ISIC_0025975.jpg	ISIC_0025975.tiff	exact
ISIC_0026056	ISIC_0026056.jpg	ISIC_0026056.tiff	exact
ISIC_0026074	ISIC_0026074.jpg	ISIC_0026074.tiff	exact
ISIC_0026090	ISIC_0026090.jpg	ISIC_0026090.tiff	exact
ISIC_0026091	ISIC_0026091.jpg	ISIC_0026091.tiff	exact
ISIC_0026117	ISIC_0026117.jpg	ISIC_0026117.tiff	exact
ISIC_0026118	ISIC_0026118.jpg	ISIC_0026118.tiff	exact
ISIC_0026154	ISIC_0026154.jpg	ISIC_0026154.tiff	exact
ISIC_0026192	ISIC_0026192.jpg	ISIC_0026192.tiff	exact
ISIC_0026213	ISIC_0026213.jpg	ISIC_0026213.tiff	exact
ISIC_0026282	ISIC_0026282.jpg	ISIC_0026282.tiff	exact
ISIC_0026321	ISIC_0026321.jpg	ISIC_0026321.tiff	exact
ISIC_0026324	ISIC_0026324.jpg	ISIC_0026324.tiff	exact
ISIC_0026439	ISIC_0026439.jpg	ISIC_0026439.tiff	exact
ISIC_0026442	ISIC_0026442.jpg	ISIC_0026442.tiff	exact
ISIC_0026528	ISIC_0026528.jpg	ISIC_0026528.tiff	exact
ISIC_0026593	ISIC_0026593.jpg	ISIC_0026593.tiff	exact
ISIC_0026656	ISIC_0026656.jpg	ISIC_0026656.tiff	exact
ISIC_0026829	ISIC_0026829.jpg	ISIC_0026829.tiff	exact
ISIC_0026831	ISIC_0026831.jpg	ISIC_0026831.tiff	exact
ISIC_0026855	ISIC_0026855.jpg	ISIC_0026855.tiff	exact
ISIC_0026952	ISIC_0026952.jpg	ISIC_0026952.tiff	exact
ISIC_0027038	ISIC_0027038.jpg	ISIC_0027038.tiff	exact
ISIC_0027337	ISIC_0027337.jpg	ISIC_0027337.tiff	exact
ISIC_0027433	ISIC_0027433.jpg	ISIC_0027433.tiff	exact
ISIC_0027601	ISIC_0027601.jpg	ISIC_0027601.tiff	exact
ISIC_0027920	ISIC_0027920.jpg	ISIC_0027920.tiff	exact
ISIC_0028050	ISIC_0028050.jpg	ISIC_0028050.tiff	exact
ISIC_0028653	ISIC_0028653.jpg	ISIC_0028653.tiff	exact
ISIC_0028693	ISIC_0028693.jpg	ISIC_0028693.tiff	exact
ISIC_0028747	ISIC_0028747.jpg	ISIC_0028747.tiff	exact
ISIC_0029919	ISIC_0029919.jpg	ISIC_0029919.tiff	exact
ISIC_0030010	ISIC_0030010.jpg	ISIC_0030010.tiff	exact
ISIC_0030094	ISIC_0030094.jpg	ISIC_0030094.tiff	exact
ISIC_0030138	ISIC_0030138.jpg	ISIC_0030138.tiff	exact
ISIC_0030261	ISIC_0030261.jpg	ISIC_0030261.tiff	exact
ISIC_0030349	ISIC_0030349.jpg	ISIC_0030349.tiff	exact
ISIC_0030403	ISIC_0030403.jpg	ISIC_0030403.tiff	exact
ISIC_0030446	ISIC_0030446.jpg	ISIC_0030446.tiff	exact
ISIC_0030511	ISIC_0030511.jpg	ISIC_0030511.tiff	exact
ISIC_0030528	ISIC_0030528.jpg	ISIC_0030528.tiff	exact
ISIC_0030594	ISIC_0030594.jpg	ISIC_0030594.tiff	exact
ISIC_0030690	ISIC_0030690.jpg	ISIC_0030690.tiff	exact
ISIC_0030712	ISIC_0030712.jpg	ISIC_0030712.tiff	exact
ISIC_0030737	ISIC_0030737.jpg	ISIC_0030737.tiff	exact
ISIC_0030746	ISIC_0030746.jpg	ISIC_0030746.tiff	exact
ISIC_0030782	ISIC_0030782.jpg	ISIC_0030782.tiff	exact
ISIC_0030893	ISIC_0030893.jpg	ISIC_0030893.tiff	exact
ISIC_0030964	ISIC_0030964.jpg	ISIC_0030964.tiff	exact
ISIC_0031041	ISIC_0031041.jpg	ISIC_0031041.tiff	exact
ISIC_0031062	ISIC_0031062.jpg	ISIC_0031062.tiff	exact
ISIC_0031095	ISIC_0031095.jpg	ISIC_0031095.tiff	exact
ISIC_0031122	ISIC_0031122.jpg	ISIC_0031122.tiff	exact
ISIC_0031140	ISIC_0031140.jpg	ISIC_0031140.tiff	exact
ISIC_0031166	ISIC_0031166.jpg	ISIC_0031166.tiff	exact
ISIC_0031171	ISIC_0031171.jpg	ISIC_0031171.tiff	exact
ISIC_0031225	ISIC_0031225.jpg	ISIC_0031225.tiff	exact
ISIC_0031245	ISIC_0031245.jpg	ISIC_0031245.tiff	exact
ISIC_0031272	ISIC_0031272.jpg	ISIC_0031272.tiff	exact
ISIC_0031284	ISIC_0031284.jpg	ISIC_0031284.tiff	exact
ISIC_0031351	ISIC_0031351.jpg	ISIC_0031351.tiff	exact
ISIC_0031520	ISIC_0031520.jpg	ISIC_0031520.tiff	exact
ISIC_0031527	ISIC_0031527.jpg	ISIC_0031527.tiff	exact
ISIC_0031552	ISIC_0031552.jpg	ISIC_0031552.tiff	exact
ISIC_0031569	ISIC_0031569.jpg	ISIC_0031569.tiff	exact
ISIC_0031643	ISIC_0031643.jpg	ISIC_0031643.tiff	exact
ISIC_0031712	ISIC_0031712.jpg	ISIC_0031712.tiff	exact
ISIC_0031721	ISIC_0031721.jpg	ISIC_0031721.tiff	exact
ISIC_0031762	ISIC_0031762.jpg	ISIC_0031762.tiff	exact
ISIC_0031971	ISIC_0031971.jpg	ISIC_0031971.tiff	exact
ISIC_0031986	ISIC_0031986.jpg	ISIC_0031986.tiff	exact
ISIC_0032022	ISIC_0032022.jpg	ISIC_0032022.tiff	exact
ISIC_0032132	ISIC_0032132.jpg	ISIC_0032132.tiff	exact
ISIC_0032185	ISIC_0032185.jpg	ISIC_0032185.tiff	exact
ISIC_0032194	ISIC_0032194.jpg	ISIC_0032194.tiff	exact
ISIC_0032439	ISIC_0032439.jpg	ISIC_0032439.tiff	exact
ISIC_0032482	ISIC_0032482.jpg	ISIC_0032482.tiff	exact
ISIC_0032536	ISIC_0032536.jpg	ISIC_0032536.tiff	exact
ISIC_0032652	ISIC_0032652.jpg	ISIC_0032652.tiff	exact
ISIC_0032799	ISIC_0032799.jpg	ISIC_0032799.tiff	exact
ISIC_0032959	ISIC_0032959.jpg	ISIC_0032959.tiff	exact
ISIC_0033054	ISIC_0033054.jpg	ISIC_0033054.tiff	exact
ISIC_0033218	ISIC_0033218.jpg	ISIC_0033218.tiff	exact
ISIC_0033483	ISIC_0033483.jpg	ISIC_0033483.tiff	exact
ISIC_0033575	ISIC_0033575.jpg	ISIC_0033575.tiff	exact
ISIC_0033666	ISIC_0033666.jpg	ISIC_0033666.tiff	exact
ISIC_0034047	ISIC_0034047.jpg	ISIC_0034047.tiff	exact
ISIC_0034066	ISIC_0034066.jpg	ISIC_0034066.tiff	exact
ISIC_0034093	ISIC_0034093.jpg	ISIC_0034093.tiff	exact
ISIC_0034095	ISIC_0034095.jpg	ISIC_0034095.tiff	exact
ISIC_0034123	ISIC_0034123.jpg	ISIC_0034123.tiff	exact
ISIC_0034155	ISIC_0034155.jpg	ISIC_0034155.tiff	exact
ISIC_0034160	ISIC_0034160.jpg	ISIC_0034160.tiff	exact
ISIC_0034223	ISIC_0034223.jpg	ISIC_0034223.tiff	exact
ISIC_0034299	ISIC_0034299.jpg	ISIC_0034299.tiff	exact
ISIC_0034306	ISIC_0034306.jpg	ISIC_0034306.tiff	exact
ISIC_0053474	ISIC_0053474.jpg	ISIC_0053474.tiff	exact
ISIC_0053483	ISIC_0053483.jpg	ISIC_0053483.tiff	exact
ISIC_0053501	ISIC_0053501.jpg	ISIC_0053501.tiff	exact
ISIC_0053511	ISIC_0053511.jpg	ISIC_0053511.tiff	exact
ISIC_0053534	ISIC_0053534.jpg	ISIC_0053534.tiff	exact
ISIC_0053535	ISIC_0053535.jpg	ISIC_0053535.tiff	exact
ISIC_0053537	ISIC_0053537.jpg	ISIC_0053537.tiff	exact
ISIC_0053549	ISIC_0053549.jpg	ISIC_0053549.tiff	exact
ISIC_0053558	ISIC_0053558.jpg	ISIC_0053558.tiff	exact
ISIC_0053559	ISIC_0053559.jpg	ISIC_0053559.tiff	exact
ISIC_0053591	ISIC_0053591.jpg	ISIC_0053591.tiff	exact
ISIC_0053626	ISIC_0053626.jpg	ISIC_0053626.tiff	exact
ISIC_0053649	ISIC_0053649.jpg	ISIC_0053649.tiff	exact
ISIC_0053672	ISIC_0053672.jpg	ISIC_0053672.tiff	exact
ISIC_0053678	ISIC_0053678.jpg	ISIC_0053678.tiff	exact
ISIC_0053695	ISIC_0053695.jpg	ISIC_0053695.tiff	exact
ISIC_0053719	ISIC_0053719.jpg	ISIC_0053719.tiff	exact
ISIC_0053731	ISIC_0053731.jpg	ISIC_0053731.tiff	exact
ISIC_0053733	ISIC_0053733.jpg	ISIC_0053733.tiff	exact
ISIC_0053735	ISIC_0053735.jpg	ISIC_0053735.tiff	exact
ISIC_0053744	ISIC_0053744.jpg	ISIC_0053744.tiff	exact
ISIC_0053762	ISIC_0053762.jpg	ISIC_0053762.tiff	exact
ISIC_0053769	ISIC_0053769.jpg	ISIC_0053769.tiff	exact
ISIC_0053813	ISIC_0053813.jpg	ISIC_0053813.tiff	exact
ISIC_0053817	ISIC_0053817.jpg	ISIC_0053817.tiff	exact
ISIC_0053830	ISIC_0053830.jpg	ISIC_0053830.tiff	exact
ISIC_0053840	ISIC_0053840.jpg	ISIC_0053840.tiff	exact
ISIC_0053858	ISIC_0053858.jpg	ISIC_0053858.tiff	exact
ISIC_0053863	ISIC_0053863.jpg	ISIC_0053863.tiff	exact
ISIC_0053867	ISIC_0053867.jpg	ISIC_0053867.tiff	exact
ISIC_0053873	ISIC_0053873.jpg	ISIC_0053873.tiff	exact
ISIC_0053876	ISIC_0053876.jpg	ISIC_0053876.tiff	exact
ISIC_0053885	ISIC_0053885.jpg	ISIC_0053885.tiff	exact
ISIC_0053924	ISIC_0053924.jpg	ISIC_0053924.tiff	exact
ISIC_0053934	ISIC_0053934.jpg	ISIC_0053934.tiff	exact
ISIC_0053935	ISIC_0053935.jpg	ISIC_0053935.tiff	exact
ISIC_0053939	ISIC_0053939.jpg	ISIC_0053939.tiff	exact
ISIC_0053951	ISIC_0053951.jpg	ISIC_0053951.tiff	exact
ISIC_0053957	ISIC_0053957.jpg	ISIC_0053957.tiff	exact
ISIC_0053972	ISIC_0053972.jpg	ISIC_0053972.tiff	exact
ISIC_0053976	ISIC_0053976.jpg	ISIC_0053976.tiff	exact
ISIC_0054031	ISIC_0054031.jpg	ISIC_0054031.tiff	exact
ISIC_0054036	ISIC_0054036.jpg	ISIC_0054036.tiff	exact
ISIC_0054055	ISIC_0054055.jpg	ISIC_0054055.tiff	exact
ISIC_0054060	ISIC_0054060.jpg	ISIC_0054060.tiff	exact
ISIC_0054063	ISIC_0054063.jpg	ISIC_0054063.tiff	exact
ISIC_0054074	ISIC_0054074.jpg	ISIC_0054074.tiff	exact
ISIC_0054075	ISIC_0054075.jpg	ISIC_0054075.tiff	exact
ISIC_0054088	ISIC_0054088.jpg	ISIC_0054088.tiff	exact
ISIC_0054116	ISIC_0054116.jpg	ISIC_0054116.tiff	exact
ISIC_0054121	ISIC_0054121.jpg	ISIC_0054121.tiff	exact
ISIC_0054150	ISIC_0054150.jpg	ISIC_0054150.tiff	exact
ISIC_0054156	ISIC_0054156.jpg	ISIC_0054156.tiff	exact
ISIC_0054158	ISIC_0054158.jpg	ISIC_0054158.tiff	exact
ISIC_0054161	ISIC_0054161.jpg	ISIC_0054161.tiff	exact
ISIC_0054227	ISIC_0054227.jpg	ISIC_0054227.tiff	exact
ISIC_0054240	ISIC_0054240.jpg	ISIC_0054240.tiff	exact
ISIC_0054243	ISIC_0054243.jpg	ISIC_0054243.tiff	exact
ISIC_0054316	ISIC_0054316.jpg	ISIC_0054316.tiff	exact
ISIC_0054340	ISIC_0054340.jpg	ISIC_0054340.tiff	exact
ISIC_0054448	ISIC_0054448.jpg	ISIC_0054448.tiff	exact
ISIC_0054467	ISIC_0054467.jpg	ISIC_0054467.tiff	exact
ISIC_0054477	ISIC_0054477.jpg	ISIC_0054477.tiff	exact
ISIC_0054481	ISIC_0054481.jpg	ISIC_0054481.tiff	exact
ISIC_0054542	ISIC_0054542.jpg	ISIC_0054542.tiff	exact
ISIC_0054575	ISIC_0054575.jpg	ISIC_0054575.tiff	exact
ISIC_0054607	ISIC_0054607.jpg	ISIC_0054607.tiff	exact
ISIC_0054623	ISIC_0054623.jpg	ISIC_0054623.tiff	exact
ISIC_0054653	ISIC_0054653.jpg	ISIC_0054653.tiff	exact
ISIC_0054665	ISIC_0054665.jpg	ISIC_0054665.tiff	exact
ISIC_0054668	ISIC_0054668.jpg	ISIC_0054668.tiff	exact
ISIC_0054688	ISIC_0054688.jpg	ISIC_0054688.tiff	exact
ISIC_0054717	ISIC_0054717.jpg	ISIC_0054717.tiff	exact
ISIC_0054723	ISIC_0054723.jpg	ISIC_0054723.tiff	exact
ISIC_0054740	ISIC_0054740.jpg	ISIC_0054740.tiff	exact
ISIC_0054745	ISIC_0054745.jpg	ISIC_0054745.tiff	exact
ISIC_0054834	ISIC_0054834.jpg	ISIC_0054834.tiff	exact
ISIC_0054836	ISIC_0054836.jpg	ISIC_0054836.tiff	exact
ISIC_0054843	ISIC_0054843.jpg	ISIC_0054843.tiff	exact
ISIC_0054849	ISIC_0054849.jpg	ISIC_0054849.tiff	exact
ISIC_0054861	ISIC_0054861.jpg	ISIC_0054861.tiff	exact
ISIC_0054881	ISIC_0054881.jpg	ISIC_0054881.tiff	exact
ISIC_0054940	ISIC_0054940.jpg	ISIC_0054940.tiff	exact
ISIC_0054942	ISIC_0054942.jpg	ISIC_0054942.tiff	exact
ISIC_0054972	ISIC_0054972.jpg	ISIC_0054972.tiff	exact
ISIC_0054975	ISIC_0054975.jpg	ISIC_0054975.tiff	exact
ISIC_0054977	ISIC_0054977.jpg	ISIC_0054977.tiff	exact
ISIC_0054985	ISIC_0054985.jpg	ISIC_0054985.tiff	exact
ISIC_0055050	ISIC_0055050.jpg	ISIC_0055050.tiff	exact
ISIC_0055059	ISIC_0055059.jpg	ISIC_0055059.tiff	exact
ISIC_0055060	ISIC_0055060.jpg	ISIC_0055060.tiff	exact
ISIC_0055065	ISIC_0055065.jpg	ISIC_0055065.tiff	exact
ISIC_0055096	ISIC_0055096.jpg	ISIC_0055096.tiff	exact
ISIC_0055111	ISIC_0055111.jpg	ISIC_0055111.tiff	exact
ISIC_0055194	ISIC_0055194.jpg	ISIC_0055194.tiff	exact
ISIC_0055201	ISIC_0055201.jpg	ISIC_0055201.tiff	exact
ISIC_0055206	ISIC_0055206.jpg	ISIC_0055206.tiff	exact
ISIC_0055243	ISIC_0055243.jpg	ISIC_0055243.tiff	exact
ISIC_0055274	ISIC_0055274.jpg	ISIC_0055274.tiff	exact
ISIC_0055275	ISIC_0055275.jpg	ISIC_0055275.tiff	exact
ISIC_0055323	ISIC_0055323.jpg	ISIC_0055323.tiff	exact
ISIC_0055346	ISIC_0055346.jpg	ISIC_0055346.tiff	exact
ISIC_0055349	ISIC_0055349.jpg	ISIC_0055349.tiff	exact
ISIC_0055375	ISIC_0055375.jpg	ISIC_0055375.tiff	exact
ISIC_0055493	ISIC_0055493.jpg	ISIC_0055493.tiff	exact
ISIC_0055509	ISIC_0055509.jpg	ISIC_0055509.tiff	exact
ISIC_0055554	ISIC_0055554.jpg	ISIC_0055554.tiff	exact
ISIC_0055584	ISIC_0055584.jpg	ISIC_0055584.tiff	exact
ISIC_0055706	ISIC_0055706.jpg	ISIC_0055706.tiff	exact
ISIC_0055735	ISIC_0055735.jpg	ISIC_0055735.tiff	exact
ISIC_0055792	ISIC_0055792.jpg	ISIC_0055792.tiff	exact
ISIC_0055836	ISIC_0055836.jpg	ISIC_0055836.tiff	exact
ISIC_0055875	ISIC_0055875.jpg	ISIC_0055875.tiff	exact
ISIC_0055958	ISIC_0055958.jpg	ISIC_0055958.tiff	exact
ISIC_0055963	ISIC_0055963.jpg	ISIC_0055963.tiff	exact
ISIC_0056014	ISIC_0056014.jpg	ISIC_0056014.tiff	exact
ISIC_0056095	ISIC_0056095.jpg	ISIC_0056095.tiff	exact
ISIC_0056144	ISIC_0056144.jpg	ISIC_0056144.tiff	exact
ISIC_0056157	ISIC_0056157.jpg	ISIC_0056157.tiff	exact
ISIC_0056236	ISIC_0056236.jpg	ISIC_0056236.tiff	exact
ISIC_0056293	ISIC_0056293.jpg	ISIC_0056293.tiff	exact
ISIC_0056321	ISIC_0056321.jpg	ISIC_0056321.tiff	exact
ISIC_0056362	ISIC_0056362.jpg	ISIC_0056362.tiff	exact
ISIC_0056396	ISIC_0056396.jpg	ISIC_0056396.tiff	exact
ISIC_0056556	ISIC_0056556.jpg	ISIC_0056556.tiff	exact
ISIC_0056866	ISIC_0056866.jpg	ISIC_0056866.tiff	exact
ISIC_0056870	ISIC_0056870.jpg	ISIC_0056870.tiff	exact
ISIC_0056941	ISIC_0056941.jpg	ISIC_0056941.tiff	exact
ISIC_0056950	ISIC_0056950.jpg	ISIC_0056950.tiff	exact
ISIC_0056990	ISIC_0056990.jpg	ISIC_0056990.tiff	exact
ISIC_0057086	ISIC_0057086.jpg	ISIC_0057086.tiff	exact
ISIC_0057266	ISIC_0057266.jpg	ISIC_0057266.tiff	exact
ISIC_0057279	ISIC_0057279.jpg	ISIC_0057279.tiff	exact
ISIC_0057292	ISIC_0057292.jpg	ISIC_0057292.tiff	exact
ISIC_0057355	ISIC_0057355.jpg	ISIC_0057355.tiff	exact
ISIC_0057392	ISIC_0057392.jpg	ISIC_0057392.tiff	exact
ISIC_0057504	ISIC_0057504.jpg	ISIC_0057504.tiff	exact
ISIC_0057551	ISIC_0057551.jpg	ISIC_0057551.tiff	exact
ISIC_0057564	ISIC_0057564.jpg	ISIC_0057564.tiff	exact
ISIC_0057654	ISIC_0057654.jpg	ISIC_0057654.tiff	exact
ISIC_0057657	ISIC_0057657.jpg	ISIC_0057657.tiff	exact
ISIC_0057705	ISIC_0057705.jpg	ISIC_0057705.tiff	exact
ISIC_0057748	ISIC_0057748.jpg	ISIC_0057748.tiff	exact
ISIC_0057751	ISIC_0057751.jpg	ISIC_0057751.tiff	exact
ISIC_0057755	ISIC_0057755.jpg	ISIC_0057755.tiff	exact
ISIC_0057805	ISIC_0057805.jpg	ISIC_0057805.tiff	exact
ISIC_0057853	ISIC_0057853.jpg	ISIC_0057853.tiff	exact
ISIC_0057905	ISIC_0057905.jpg	ISIC_0057905.tiff	exact
ISIC_0057942	ISIC_0057942.jpg	ISIC_0057942.tiff	exact
ISIC_0058005	ISIC_0058005.jpg	ISIC_0058005.tiff	exact
ISIC_0058011	ISIC_0058011.jpg	ISIC_0058011.tiff	exact
ISIC_0058222	ISIC_0058222.jpg	ISIC_0058222.tiff	exact
ISIC_0058223	ISIC_0058223.jpg	ISIC_0058223.tiff	exact
ISIC_0058227	ISIC_0058227.jpg	ISIC_0058227.tiff	exact
ISIC_0058348	ISIC_0058348.jpg	ISIC_0058348.tif	exact
ISIC_0058389	ISIC_0058389.jpg	ISIC_0058389.tiff	exact
ISIC_0058392	ISIC_0058392.jpg	ISIC_0058392.tiff	exact
ISIC_0058555	ISIC_0058555.jpg	ISIC_0058555.tiff	exact
ISIC_0058584	ISIC_0058584.jpg	ISIC_0058584.tiff	exact
ISIC_0058703	ISIC_0058703.jpg	ISIC_0058703.tiff	exact
ISIC_0058860	ISIC_0058860.jpg	ISIC_0058860.tiff	exact
ISIC_0058911	ISIC_0058911.jpg	ISIC_0058911.tiff	exact
ISIC_0058995	ISIC_0058995.jpg	ISIC_0058995.tiff	exact
ISIC_0059009	ISIC_0059009.jpg	ISIC_0059009.tiff	exact
ISIC_0059033	ISIC_0059033.jpg	ISIC_0059033.tiff	exact
ISIC_0059064	ISIC_0059064.jpg	ISIC_0059064.tiff	exact
ISIC_0059096	ISIC_0059096.jpg	ISIC_0059096.tiff	exact
ISIC_0059149	ISIC_0059149.jpg	ISIC_0059149.tiff	exact
ISIC_0059180	ISIC_0059180.jpg	ISIC_0059180.tiff	exact
ISIC_0059199	ISIC_0059199.jpg	ISIC_0059199.tiff	exact
ISIC_0059200	ISIC_0059200.jpg	ISIC_0059200.tiff	exact
ISIC_0059210	ISIC_0059210.jpg	ISIC_0059210.tif	exact
ISIC_0059212	ISIC_0059212.jpg	ISIC_0059212.tif	exact
ISIC_0059227	ISIC_0059227.jpg	ISIC_0059227.tif	exact
ISIC_0059243	ISIC_0059243.jpg	ISIC_0059243.tif	exact
ISIC_0059324	ISIC_0059324.jpg	ISIC_0059324.tif	exact
ISIC_0059388	ISIC_0059388.jpg	ISIC_0059388.tif	exact
ISIC_0059453	ISIC_0059453.jpg	ISIC_0059453.tif	exact
ISIC_0059528	ISIC_0059528.jpg	ISIC_0059528.tif	exact
ISIC_0059657	ISIC_0059657.jpg	ISIC_0059657.tif	exact
ISIC_0059670	ISIC_0059670.jpg	ISIC_0059670.tif	exact
ISIC_0059688	ISIC_0059688.jpg	ISIC_0059688.tif	exact
ISIC_0059725	ISIC_0059725.jpg	ISIC_0059725.tif	exact
ISIC_0059742	ISIC_0059742.jpg	ISIC_0059742.tif	exact
ISIC_0059752	ISIC_0059752.jpg	ISIC_0059752.tif	exact
ISIC_0059815	ISIC_0059815.jpg	ISIC_0059815.tif	exact
ISIC_0059826	ISIC_0059826.jpg	ISIC_0059826.tif	exact
ISIC_0059954	ISIC_0059954.jpg	ISIC_0059954.tif	exact
ISIC_0059973	ISIC_0059973.jpg	ISIC_0059973.tif	exact
ISIC_0059984	ISIC_0059984.jpg	ISIC_0059984.tif	exact
ISIC_0060006	ISIC_0060006.jpg	ISIC_0060006.tif	exact
ISIC_0060073	ISIC_0060073.jpg	ISIC_0060073.tif	exact
ISIC_0060079	ISIC_0060079.jpg	ISIC_0060079.tif	exact
ISIC_0060093	ISIC_0060093.jpg	ISIC_0060093.tif	exact
ISIC_0060109	ISIC_0060109.jpg	ISIC_0060109.tif	exact
ISIC_0060117	ISIC_0060117.jpg	ISIC_0060117.tif	exact
ISIC_0060168	ISIC_0060168.jpg	ISIC_0060168.tif	exact
ISIC_0060191	ISIC_0060191.jpg	ISIC_0060191.tif	exact
ISIC_0060209	ISIC_0060209.jpg	ISIC_0060209.tif	exact
ISIC_0060214	ISIC_0060214.jpg	ISIC_0060214.tif	exact
ISIC_0060236	ISIC_0060236.jpg	ISIC_0060236.tif	exact
ISIC_0060314	ISIC_0060314.jpg	ISIC_0060314.tif	exact
ISIC_0060338	ISIC_0060338.jpg	ISIC_0060338.tif	exact
ISIC_0060382	ISIC_0060382.jpg	ISIC_0060382.tif	exact
ISIC_0060421	ISIC_0060421.jpg	ISIC_0060421.tif	exact
ISIC_0060582	ISIC_0060582.jpg	ISIC_0060582.tif	exact
ISIC_0060640	ISIC_0060640.jpg	ISIC_0060640.tif	exact
ISIC_0060871	ISIC_0060871.jpg	ISIC_0060871.tif	exact
ISIC_0060885	ISIC_0060885.jpg	ISIC_0060885.tif	exact
ISIC_0060906	ISIC_0060906.jpg	ISIC_0060906.tiff	exact
ISIC_0060950	ISIC_0060950.jpg	ISIC_0060950.tiff	exact
ISIC_0061095	ISIC_0061095.jpg	ISIC_0061095.tiff	exact
ISIC_0061110	ISIC_0061110.jpg	ISIC_0061110.tiff	exact
ISIC_0061178	ISIC_0061178.jpg	ISIC_0061178.tiff	exact
ISIC_0061270	ISIC_0061270.jpg	ISIC_0061270.tiff	exact
ISIC_0061341	ISIC_0061341.jpg	ISIC_0061341.tiff	exact
ISIC_0061356	ISIC_0061356.jpg	ISIC_0061356.tiff	exact
ISIC_0061419	ISIC_0061419.jpg	ISIC_0061419.tiff	exact
ISIC_0061440	ISIC_0061440.jpg	ISIC_0061440.tiff	exact
ISIC_0061481	ISIC_0061481.jpg	ISIC_0061481.tiff	exact
ISIC_0061484	ISIC_0061484.jpg	ISIC_0061484.tiff	exact
ISIC_0061864	ISIC_0061864.jpg	ISIC_0061864.tiff	exact
ISIC_0061908	ISIC_0061908.jpg	ISIC_0061908.tiff	exact
ISIC_0061934	ISIC_0061934.jpg	ISIC_0061934.tiff	exact
ISIC_0061979	ISIC_0061979.jpg	ISIC_0061979.tiff	exact
ISIC_0062271	ISIC_0062271.jpg	ISIC_0062271.tiff	exact
ISIC_0062349	ISIC_0062349.jpg	ISIC_0062349.tiff	exact
ISIC_0062492	ISIC_0062492.jpg	ISIC_0062492.tiff	exact
ISIC_0062710	ISIC_0062710.jpg	ISIC_0062710.tiff	exact
ISIC_0062722	ISIC_0062722.jpg	ISIC_0062722.tiff	exact
ISIC_0062733	ISIC_0062733.jpg	ISIC_0062733.tiff	exact
ISIC_0062752	ISIC_0062752.jpg	ISIC_0062752.tiff	exact
ISIC_0062929	ISIC_0062929.jpg	ISIC_0062929.tiff	exact
ISIC_0063033	ISIC_0063033.jpg	ISIC_0063033.tiff	exact
ISIC_0063091	ISIC_0063091.jpg	ISIC_0063091.tiff	exact
ISIC_0063159	ISIC_0063159.jpg	ISIC_0063159.tiff	exact
ISIC_0063346	ISIC_0063346.jpg	ISIC_0063346.tiff	exact
ISIC_0063560	ISIC_0063560.jpg	ISIC_0063560.tiff	exact
ISIC_0063649	ISIC_0063649.jpg	ISIC_0063649.tiff	exact
ISIC_0063702	ISIC_0063702.jpg	ISIC_0063702.tiff	exact
ISIC_0063726	ISIC_0063726.jpg	ISIC_0063726.tiff	exact
ISIC_0064013	ISIC_0064013.jpg	ISIC_0064013.tiff	exact
ISIC_0064075	ISIC_0064075.jpg	ISIC_0064075.tiff	exact
ISIC_0064109	ISIC_0064109.jpg	ISIC_0064109.tiff	exact
ISIC_0064148	ISIC_0064148.jpg	ISIC_0064148.tiff	exact
ISIC_0064162	ISIC_0064162.jpg	ISIC_0064162.tiff	exact
ISIC_0064200	ISIC_0064200.jpg	ISIC_0064200.tiff	exact
ISIC_0064286	ISIC_0064286.jpg	ISIC_0064286.tiff	exact
ISIC_0064655	ISIC_0064655.jpg	ISIC_0064655.tiff	exact
ISIC_0064843	ISIC_0064843.jpg	ISIC_0064843.tiff	exact
ISIC_0065083	ISIC_0065083.jpg	ISIC_0065083.tiff	exact
ISIC_0065151	ISIC_0065151.jpg	ISIC_0065151.tiff	exact
ISIC_0065178	ISIC_0065178.jpg	ISIC_0065178.tiff	exact
ISIC_0065345	ISIC_0065345.jpg	ISIC_0065345.tiff	exact
ISIC_0065401	ISIC_0065401.jpg	ISIC_0065401.tiff	exact
ISIC_0065549	ISIC_0065549.jpg	ISIC_0065549.tiff	exact
ISIC_0065570	ISIC_0065570.jpg	ISIC_0065570.tiff	exact
ISIC_0065585	ISIC_0065585.jpg	ISIC_0065585.tiff	exact
ISIC_0065605	ISIC_0065605.jpg	ISIC_0065605.tiff	exact
ISIC_0065703	ISIC_0065703.jpg	ISIC_0065703.tiff	exact
ISIC_0065805	ISIC_0065805.jpg	ISIC_0065805.tiff	exact
ISIC_0066070	ISIC_0066070.jpg	ISIC_0066070.tiff	exact
ISIC_0066164	ISIC_0066164.jpg	ISIC_0066164.tiff	exact
ISIC_0066473	ISIC_0066473.jpg	ISIC_0066473.tiff	exact
ISIC_0066630	ISIC_0066630.jpg	ISIC_0066630.tiff	exact
ISIC_0066782	ISIC_0066782.jpg	ISIC_0066782.tiff	exact
ISIC_0066816	ISIC_0066816.jpg	ISIC_0066816.tiff	exact
ISIC_0066820	ISIC_0066820.jpg	ISIC_0066820.tiff	exact
ISIC_0066932	ISIC_0066932.jpg	ISIC_0066932.tiff	exact
ISIC_0066960	ISIC_0066960.jpg	ISIC_0066960.tiff	exact
ISIC_0067032	ISIC_0067032.jpg	ISIC_0067032.tiff	exact
ISIC_0067130	ISIC_0067130.jpg	ISIC_0067130.tiff	exact
ISIC_0067241	ISIC_0067241.jpg	ISIC_0067241.tiff	exact
ISIC_0067403	ISIC_0067403.jpg	ISIC_0067403.tiff	exact
ISIC_0067426	ISIC_0067426.jpg	ISIC_0067426.tiff	exact
ISIC_0067456	ISIC_0067456.jpg	ISIC_0067456.tiff	exact
ISIC_0068004	ISIC_0068004.jpg	ISIC_0068004.tiff	exact
ISIC_0068402	ISIC_0068402.jpg	ISIC_0068402.tiff	exact
ISIC_0068637	ISIC_0068637.jpg	ISIC_0068637.tiff	exact
ISIC_0068781	ISIC_0068781.jpg	ISIC_0068781.tiff	exact
ISIC_0068869	ISIC_0068869.jpg	ISIC_0068869.tiff	exact
ISIC_0069047	ISIC_0069047.jpg	ISIC_0069047.tiff	exact
ISIC_0069458	ISIC_0069458.jpg	ISIC_0069458.tiff	exact
ISIC_0069474	ISIC_0069474.jpg	ISIC_0069474.tiff	exact
ISIC_0069533	ISIC_0069533.jpg	ISIC_0069533.tiff	exact
ISIC_0069709	ISIC_0069709.jpg	ISIC_0069709.tiff	exact
ISIC_0069712	ISIC_0069712.jpg	ISIC_0069712.tiff	exact
ISIC_0069718	ISIC_0069718.jpg	ISIC_0069718.tiff	exact
ISIC_0069794	ISIC_0069794.jpg	ISIC_0069794.tiff	exact
ISIC_0069828	ISIC_0069828.jpg	ISIC_0069828.tiff	exact
ISIC_0070381	ISIC_0070381.jpg	ISIC_0070381.tiff	exact
ISIC_0070714	ISIC_0070714.jpg	ISIC_0070714.tiff	exact
ISIC_0070802	ISIC_0070802.jpg	ISIC_0070802.tiff	exact
ISIC_0070825	ISIC_0070825.jpg	ISIC_0070825.tiff	exact
ISIC_0070831	ISIC_0070831.jpg	ISIC_0070831.tiff	exact
ISIC_0070833	ISIC_0070833.jpg	ISIC_0070833.tiff	exact
ISIC_0070883	ISIC_0070883.jpg	ISIC_0070883.tiff	exact
ISIC_0071085	ISIC_0071085.jpg	ISIC_0071085.tiff	exact
ISIC_0071102	ISIC_0071102.jpg	ISIC_0071102.tiff	exact
ISIC_0071116	ISIC_0071116.jpg	ISIC_0071116.tiff	exact
ISIC_0071157	ISIC_0071157.jpg	ISIC_0071157.tiff	exact
ISIC_0071163	ISIC_0071163.jpg	ISIC_0071163.tiff	exact
ISIC_0071199	ISIC_0071199.jpg	ISIC_0071199.tiff	exact
ISIC_0071294	ISIC_0071294.jpg	ISIC_0071294.tiff	exact
ISIC_0071308	ISIC_0071308.jpg	ISIC_0071308.tiff	exact
ISIC_0071446	ISIC_0071446.jpg	ISIC_0071446.tiff	exact
ISIC_0071637	ISIC_0071637.jpg	ISIC_0071637.tiff	exact
ISIC_0071646	ISIC_0071646.jpg	ISIC_0071646.tiff	exact
ISIC_0071730	ISIC_0071730.jpg	ISIC_0071730.tiff	exact
ISIC_0071757	ISIC_0071757.jpg	ISIC_0071757.tiff	exact
ISIC_0071758	ISIC_0071758.jpg	ISIC_0071758.tiff	exact
ISIC_0071960	ISIC_0071960.jpg	ISIC_0071960.tiff	exact
ISIC_0072028	ISIC_0072028.jpg	ISIC_0072028.tiff	exact
ISIC_0072029	ISIC_0072029.jpg	ISIC_0072029.tiff	exact
ISIC_0072048	ISIC_0072048.jpg	ISIC_0072048.tiff	exact
ISIC_0072060	ISIC_0072060.jpg	ISIC_0072060.tiff	exact
ISIC_0072066	ISIC_0072066.jpg	ISIC_0072066.tiff	exact
ISIC_0072124	ISIC_0072124.jpg	ISIC_0072124.tiff	exact
ISIC_0072237	ISIC_0072237.jpg	ISIC_0072237.tiff	exact
ISIC_0072245	ISIC_0072245.jpg	ISIC_0072245.tiff	exact
ISIC_0072276	ISIC_0072276.jpg	ISIC_0072276.tiff	exact
ISIC_0072318	ISIC_0072318.jpg	ISIC_0072318.tiff	exact
ISIC_0072359	ISIC_0072359.jpg	ISIC_0072359.tiff	exact
ISIC_0072386	ISIC_0072386.jpg	ISIC_0072386.tiff	exact
ISIC_0072463	ISIC_0072463.jpg	ISIC_0072463.tiff	exact
ISIC_0072474	ISIC_0072474.jpg	ISIC_0072474.tiff	exact
ISIC_0072487	ISIC_0072487.jpg	ISIC_0072487.tiff	exact
ISIC_0072506	ISIC_0072506.jpg	ISIC_0072506.tiff	exact
ISIC_0072581	ISIC_0072581.jpg	ISIC_0072581.tiff	exact
ISIC_0072616	ISIC_0072616.jpg	ISIC_0072616.tiff	exact
ISIC_0072620	ISIC_0072620.jpg	ISIC_0072620.tiff	exact
ISIC_0072630	ISIC_0072630.jpg	ISIC_0072630.tiff	exact
ISIC_0072638	ISIC_0072638.jpg	ISIC_0072638.tiff	exact
ISIC_0072640	ISIC_0072640.jpg	ISIC_0072640.tiff	exact
ISIC_0072666	ISIC_0072666.jpg	ISIC_0072666.tiff	exact
ISIC_0072670	ISIC_0072670.jpg	ISIC_0072670.tiff	exact
ISIC_0072673	ISIC_0072673.jpg	ISIC_0072673.tiff	exact
ISIC_0073082	ISIC_0073082.jpg	ISIC_0073082.tiff	exact
ISIC_0073215	ISIC_0073215.jpg	ISIC_0073215.tiff	exact
ISIC_0073221	ISIC_0073221.jpg	ISIC_0073221.tiff	exact
ISIC_0073247	ISIC_0073247.jpg	ISIC_0073247.tiff	exact
JH110308per169_CP	JH110308per169_CP.JPG	JH110308per169_CP.tiff	exact
LC091307per22_NCP	LC091307per22_NCP.JPG	LC091307per22_NCP.tiff	exact
SB101408per153_CNP	SB101408per153_CNP.jpg	SB101408per153_CNP.tiff	exact
WM121209per219_NCP	WM121209per219_NCP.JPG	WM121209per219_NCP.tif	exact
aa051308rol383_CNP	aa051308rol383_CNP.JPG	aa051308rol383_CNP.tiff	exact
ab022908rol323_CNP	ab022908rol323_CNP.JPG	ab022908rol323_CNP.tiff	exact
ab022908rol323_CP	ab022908rol323_CP.JPG	ab022908rol323_CP.tiff	exact
ab022908rol323_NCP	ab022908rol323_NCP.JPG	ab022908rol323_NCP.tiff	exact
ab030209rol586_CNP	ab030209rol586_CNP.JPG	ab030209rol586_CNP.tiff	exact
ab030209rol586_CP	ab030209rol586_CP.JPG	ab030209rol586_CP.tiff	exact
ab030209rol586_NCP	ab030209rol586_NCP.JPG	ab030209rol586_NCP.tiff	exact
ab06120rol635_CNP	ab06120rol635_CNP.JPG	ab06120rol635_CNP.tiff	exact
ab06120rol635_CP	ab06120rol635_CP.JPG	ab06120rol635_CP.tiff	exact
ab06120rol635_NCP	ab06120rol635_NCP.JPG	ab06120rol635_NCP.tiff	exact
ag021607rab36_CP	ag021607rab36_CP.jpg	ag021607rab36_CP.tiff	exact
ag021607rab36_NCP	ag021607rab36_NCP.jpg	ag021607rab36_NCP.tiff	exact
ag032009rol598_CNP	ag032009rol598_CNP.JPG	ag032009rol598_CNP.tiff	exact
ag032009rol598_CP	ag032009rol598_CP.JPG	ag032009rol598_CP.tiff	exact
ag032009rol598_NCP	ag032009rol598_NCP.JPG	ag032009rol598_NCP.tiff	exact
ak051007rol72_CP	ak051007rol72_CP.JPG	ak051007rol72_CP.tiff	exact
ak051007rol72_NCP	ak051007rol72_NCP.JPG	ak051007rol72_NCP.tiff	exact
an062209rol640_CNP	an062209rol640_CNP.JPG	an062209rol640_CNP.tiff	exact
as091407rab308_CNP	as091407rab308_CNP.jpg	as091407rab308_CNP.tiff	exact
as091407rab308_CP	as091407rab308_CP.jpg	as091407rab308_CP.tiff	exact
bf032309rab1011_CNP	bf032309rab1011_CNP.JPG	bf032309rab1011_CNP.tiff	exact
bf032309rab1011_CP	bf032309rab1011_CP.JPG	bf032309rab1011_CP.tiff	exact
bf032309rab1011_NCP	bf032309rab1011_NCP.JPG	bf032309rab1011_NCP.tiff	exact
bl050707rol69_CP	bl050707rol69_CP.JPG	bl050707rol69_CP.tiff	exact
bl050707rol69_NCP	bl050707rol69_NCP.JPG	bl050707rol69_NCP.tiff	exact
br042208rol367_CNP	br042208rol367_CNP.JPG	br042208rol367_CNP.tiff	exact
bs050107rol62_CNP	bs050107rol62_CNP.JPG	bs050107rol62_CNP.tiff	exact
bs050107rol62_NCP	bs050107rol62_NCP.JPG	bs050107rol62_NCP.tiff	exact
cc052507rol94_CNP	cc052507rol94_CNP.JPG	cc052507rol94_CNP.tiff	exact
ch041907rol25_CNP	ch041907rol25_CNP.JPG	ch041907rol25_CNP.tiff	exact
ck022808rol320_CNP	ck022808rol320_CNP.JPG	ck022808rol320_CNP.tiff	exact
ck022808rol320_CP	ck022808rol320_CP.JPG	ck022808rol320_CP.tiff	exact
ck081007rolla185_CNP	ck081007rolla185_CNP.JPG	ck081007rolla185_CNP.tiff	exact
ck081007rolla185_CP	ck081007rolla185_CP.JPG	ck081007rolla185_CP.tiff	exact
cm020309rol565_CNP	cm020309rol565_CNP.JPG	cm020309rol565_CNP.tiff	exact
cm020309rol565_NCP	cm020309rol565_NCP.JPG	cm020309rol565_NCP.tiff	exact
cm031507rol11_CNP	cm031507rol11_CNP.JPG	cm031507rol11_CNP.tiff	exact
cm040709rab1030_CP	cm040709rab1030_CP.JPG	cm040709rab1030_CP.tiff	exact
cm040709rab1030_NCP	cm040709rab1030_NCP.JPG	cm040709rab1030_NCP.tiff	exact
da051308rol385_CNP	da051308rol385_CNP.JPG	da051308rol385_CNP.tiff	exact
da051308rol385_NCP	da051308rol385_NCP.JPG	da051308rol385_NCP.tiff	exact
da123107rol261_CP	da123107rol261_CP.JPG	da123107rol261_CP.tiff	exact
da123107rol261_NCP	da123107rol261_NCP.JPG	da123107rol261_NCP.tiff	exact
da123107rol262_CNP	da123107rol262_CNP.JPG	da123107rol262_CNP.tiff	exact
dg021908rol304_CNP	dg021908rol304_CNP.JPG	dg021908rol304_CNP.tiff	exact
dg021908rol304_CP	dg021908rol304_CP.JPG	dg021908rol304_CP.tiff	exact
dh022908rol325_CNP	dh022908rol325_CNP.JPG	dh022908rol325_CNP.tiff	exact
dh042508rol377_CNP	dh042508rol377_CNP.JPG	dh042508rol377_CNP.tiff	exact
dh062608rol420_CNP	dh062608rol420_CNP.JPG	dh062608rol420_CNP.tiff	exact
dh062608rol420_CP	dh062608rol420_CP.JPG	dh062608rol420_CP.tiff	exact
dh121707rab477_NCP	dh121707rab477_NCP.jpg	dh121707rab477_NCP.tiff	exact
dp082608rol469_NCP	dp082608rol469_NCP.JPG	dp082608rol469_NCP.tiff	exact
dw070307rab210_CNP	dw070307rab210_CNP.jpg	dw070307rab210_CNP.tiff	exact
dw070307rab210_CP	dw070307rab210_CP.jpg	dw070307rab210_CP.tiff	exact
dw070307rab210_NCP	dw070307rab210_NCP.jpg	dw070307rab210_NCP.tiff	exact
ea121506rab6_NCP	ea121506rab6_NCP.jpg	ea121506rab6_NCP.tiff	exact
eb053107rolla104_CNP	eb053107rolla104_CNP.JPG	eb053107rolla104_CNP.tiff	exact
eb053107rolla104_CP	eb053107rolla104_CP.JPG	eb053107rolla104_CP.tiff	exact
eb062609rol646_NCP	eb062609rol646_NCP.JPG	eb062609rol646_NCP.tiff	exact
ec052808rab729_CNP	ec052808rab729_CNP.jpg	ec052808rab729_CNP.tiff	exact
ec052808rab729_NCP	ec052808rab729_NCP.jpg	ec052808rab729_NCP.tiff	exact
et051407rol79_CNP	et051407rol79_CNP.JPG	et051407rol79_CNP.tiff	exact
et051407rol79_NCP	et051407rol79_NCP.JPG	et051407rol79_NCP.tiff	exact
fd010509Rol549_CNP	fd010509Rol549_CNP.JPG	fd010509Rol549_CNP.tiff	exact
fd010509Rol549_CP	fd010509Rol549_CP.JPG	fd010509Rol549_CP.tiff	exact
fd010509Rol549_NCP	fd010509Rol549_NCP.JPG	fd010509Rol549_NCP.tiff	exact
gb022609rab992_CNP	gb022609rab992_CNP.JPG	gb022609rab992_CNP.tiff	exact
gb022609rab992_CP	gb022609rab992_CP.JPG	gb022609rab992_CP.tiff	exact
gb022609rab992_NCP	gb022609rab992_NCP.JPG	gb022609rab992_NCP.tiff	exact
ge060608rol404_CNP	ge060608rol404_CNP.JPG	ge060608rol404_CNP.tiff	exact
ge060608rol404_CP	ge060608rol404_CP.JPG	ge060608rol404_CP.tiff	exact
gg081508rol455_CNP	gg081508rol455_CNP.JPG	gg081508rol455_CNP.tiff	exact
gg081508rol455_NCP	gg081508rol455_NCP.JPG	gg081508rol455_NCP.tiff	exact
gn070307rol143_CNP	gn070307rol143_CNP.JPG	gn070307rol143_CNP.tiff	exact
gn070307rol143_CP	gn070307rol143_CP.JPG	gn070307rol143_CP.tiff	exact
gn070307rol143_NCP	gn070307rol143_NCP.JPG	gn070307rol143_NCP.tiff	exact
hp041808rol363_CNP	hp041808rol363_CNP.JPG	hp041808rol363_CNP.tiff	exact
hp041808rol363_CP	hp041808rol363_CP.JPG	hp041808rol363_CP.tiff	exact
hp041808rol363_NCP	hp041808rol363_NCP.JPG	hp041808rol363_NCP.tiff	exact
hs062209rab1110_CP	hs062209rab1110_CP.JPG	hs062209rab1110_CP.tiff	exact
hs062209rab1110_NCP	hs062209rab1110_NCP.JPG	hs062209rab1110_NCP.tiff	exact
jh091508rol486_CNP	jh091508rol486_CNP.JPG	jh091508rol486_CNP.tiff	exact
js092508rol495_CNP	js092508rol495_CNP.JPG	js092508rol495_CNP.tiff	exact
js092508rol495_CP	js092508rol495_CP.JPG	js092508rol495_CP.tiff	exact
js092508rol495_NCP	js092508rol495_NCP.JPG	js092508rol495_NCP.tiff	exact
lb010509rab917_CNP	lb010509rab917_CNP.JPG	lb010509rab917_CNP.tiff	exact
lb010509rab917_CP	lb010509rab917_CP.JPG	lb010509rab917_CP.tiff	exact
lb010509rab917_NCP	lb010509rab917_NCP.JPG	lb010509rab917_NCP.tiff	exact
lb100407rol221_CNP	lb100407rol221_CNP.JPG	lb100407rol221_CNP.tiff	exact
lb100407rol221_CP	lb100407rol221_CP.JPG	lb100407rol221_CP.tiff	exact
lb100407rol221_NCP	lb100407rol221_NCP.JPG	lb100407rol221_NCP.tiff	exact
lf031907rol10_CNP	lf031907rol10_CNP.JPG	lf031907rol10_CNP.tiff	exact
lf031907rol10_CP	lf031907rol10_CP.JPG	lf031907rol10_CP.tiff	exact
lf031907rol10_NCP	lf031907rol10_NCP.JPG	lf031907rol10_NCP.tiff	exact
lh061907rol133_CNP	lh061907rol133_CNP.JPG	lh061907rol133_CNP.tiff	exact
lh061907rol133_CP	lh061907rol133_CP.JPG	lh061907rol133_CP.tiff	exact
lh061907rol133_NCP	lh061907rol133_NCP.JPG	lh061907rol133_NCP.tiff	exact
lj061608rol411_CNP	lj061608rol411_CNP.JPG	lj061608rol411_CNP.tiff	exact
lj061608rol411_CP	lj061608rol411_CP.JPG	lj061608rol411_CP.tiff	exact
lj061608rol411_NCP	lj061608rol411_NCP.jpg	lj061608rol411_NCP.tiff	exact
ll051807rol87_CNP	ll051807rol87_CNP.JPG	ll051807rol87_CNP.tiff	exact
ll051807rol87_CP	ll051807rol87_CP.JPG	ll051807rol87_CP.tiff	exact
ll051807rol87_NCP	ll051807rol87_NCP.JPG	ll051807rol87_NCP.tiff	exact
ms032807rab82_NCP	ms032807rab82_NCP.jpg	ms032807rab82_NCP.tif	exact
nl102108rol511_CNP	nl102108rol511_CNP.JPG	nl102108rol511_CNP.tif	exact
nl102108rol511_NCP	nl102108rol511_NCP.JPG	nl102108rol511_NCP.tiff	exact
nm073107rol172_NCP	nm073107rol172_NCP.JPG	nm073107rol172_NCP.tif	exact
op051608rol388_CNP	op051608rol388_CNP.JPG	op051608rol388_CNP.tif	exact
pm101308rol503_CNP	pm101308rol503_CNP.JPG	pm101308rol503_CNP.tif	exact
pm101308rol503_CP	pm101308rol503_CP.JPG	pm101308rol503_CP.tif	exact
ra051507rol81_CNP	ra051507rol81_CNP.JPG	ra051507rol81_CNP.tif	exact
ra051507rol81_CP	ra051507rol81_CP.JPG	ra051507rol81_CP.tif	exact
ra051507rol81_NCP	ra051507rol81_NCP.JPG	ra051507rol81_NCP.tif	exact
rc061708rol413_CNP	rc061708rol413_CNP.JPG	rc061708rol413_CNP.tif	exact
re070610rol816_CNP	re070610rol816_CNP.jpg	re070610rol816_CNP.tiff	exact
rf022709rol585_CNP	rf022709rol585_CNP.jpg	rf022709rol585_CNP.tiff	exact
rf071808rol439_CNP	rf071808rol439_CNP.jpg	rf071808rol439_CNP.tiff	exact
rg121908rol545_CNP	rg121908rol545_CNP.jpg	rg121908rol545_CNP.tiff	exact
rh021209rol571_CNP	rh021209rol571_CNP.jpg	rh021209rol571_CNP.tiff	exact
rh083107rab292_CNP	rh083107rab292_CNP.jpg	rh083107rab292_CNP.tiff	exact
rj011708rab521_CNP	rj011708rab521_CNP.jpg	rj011708rab521_CNP.tiff	exact
rj062307rol415_CNP	rj062307rol415_CNP.jpg	rj062307rol415_CNP.tiff	exact
rk040207rab92_CNP	rk040207rab92_CNP.jpg	rk040207rab92_CNP.tiff	exact
rm021508rol295_CNP	rm021508rol295_CNP.JPG	rm021508rol295_CNP.tif	exact
rm021508rol295_CP	rm021508rol295_CP.JPG	rm021508rol295_CP.tif	exact
rm021508rol295_NCP	rm021508rol295_NCP.JPG	rm021508rol295_NCP.tif	exact
ro010809rol553_CNP	ro010809rol553_CNP.jpg	ro010809rol553_CNP.tiff	exact
ro010809rol554_CNP	ro010809rol554_CNP.jpg	ro010809rol554_CNP.tiff	exact
ro010809rol554_NCP	ro010809rol554_NCP.JPG	ro010809rol554_NCP.tif	exact
rp052907rol100_CNP	rp052907rol100_CNP.jpg	rp052907rol100_CNP.tiff	exact
rr060407rol113_CNP	rr060407rol113_CNP.jpg	rr060407rol113_CNP.tiff	exact
rr101107rab358_CNP	rr101107rab358_CNP.jpg	rr101107rab358_CNP.tiff	exact
rr101608rab840_CNP	rr101608rab840_CNP.jpg	rr101608rab840_CNP.tiff	exact
rr102008rol509_CNP	rr102008rol509_CNP.jpg	rr102008rol509_CNP.tiff	exact
rs060507rolla116_CNP	rs060507rolla116_CNP.jpg	rs060507rolla116_CNP.tiff	exact
rs061708rol414_CNP	rs061708rol414_CNP.jpg	rs061708rol414_CNP.tiff	exact
rs100908rol500_CNP	rs100908rol500_CNP.jpg	rs100908rol500_CNP.tiff	exact
rs111407rab417_CNP	rs111407rab417_CNP.jpg	rs111407rab417_CNP.tiff	exact
rv070108rol422_CNP	rv070108rol422_CNP.jpg	rv070108rol422_CNP.tiff	exact
sa121807rol254_CNP	sa121807rol254_CNP.jpg	sa121807rol254_CNP.tiff	exact
sb042109rol614_CNP	sb042109rol614_CNP.jpg	sb042109rol614_CNP.tiff	exact
sb060107rolla109_CNP	sb060107rolla109_CNP.jpg	sb060107rolla109_CNP.tiff	exact
sc041108rab651_CNP	sc041108rab651_CNP.jpg	sc041108rab651_CNP.tiff	exact
sc041108rab651_NCP	sc041108rab651_NCP.jpg	sc041108rab651_NCP.tif	exact
sc061307dru22_CNP	sc061307dru22_CNP.jpg	sc061307dru22_CNP.tiff	exact
sc100807rol228_CNP	sc100807rol228_CNP.jpg	sc100807rol228_CNP.tiff	exact
sf011408rol274_CNP	sf011408rol274_CNP.jpg	sf011408rol274_CNP.tiff	exact
sh010509rol548_CNP	sh010509rol548_CNP.jpg	sh010509rol548_CNP.tiff	exact
sh040307rol4_CNP	sh040307rol4_CNP.jpg	sh040307rol4_CNP.tiff	exact
sk021909rab983_CNP	sk021909rab983_CNP.JPG	sk021909rab983_CNP.tif	exact
sk021909rab983_CP	sk021909rab983_CP.JPG	sk021909rab983_CP.tif	exact
sn022108rol305_CNP	sn022108rol305_CNP.jpg	sn022108rol305_CNP.tiff	exact
st102207rol243_CNP	st102207rol243_CNP.jpg	st102207rol243_CNP.tiff	exact
sw010509rol551_CNP	sw010509rol551_CNP.jpg	sw010509rol551_CNP.tiff	exact
sw062609rol645_CNP	sw062609rol645_CNP.jpg	sw062609rol645_CNP.tiff	exact
ta091707rol206_CNP	ta091707rol206_CNP.jpg	ta091707rol206_CNP.tiff	exact
tb060607rab171_CNP	tb060607rab171_CNP.jpg	tb060607rab171_CNP.tiff	exact
tb060607rab172_CNP	tb060607rab172_CNP.jpg	tb060607rab172_CNP.tiff	exact
tb092807rab342_CNP	tb092807rab342_CNP.jpg	tb092807rab342_CNP.tiff	exact
tb101107rab356_CNP	tb101107rab356_CNP.jpg	tb101107rab356_CNP.tiff	exact
tb101107rab357_CNP	tb101107rab357_CNP.jpg	tb101107rab357_CNP.tiff	exact
tk011110dru314_CNP	tk011110dru314_CNP.jpg	tk011110dru314_CNP.tiff	exact
tm082608ro471_CNP	tm082608ro471_CNP.jpg	tm082608ro471_CNP.tiff	exact
ts032607rab77_CNP	ts032607rab77_CNP.jpg	ts032607rab77_CNP.tiff	exact
vh092607rab335_CNP	vh092607rab335_CNP.jpg	vh092607rab335_CNP.tiff	exact
vh092607rab337_CNP	vh092607rab337_CNP.jpg	vh092607rab337_CNP.tiff	exact
vp021609rol575_CNP	vp021609rol575_CNP.jpg	vp021609rol575_CNP.tiff	exact
vp092007rab318_CNP	vp092007rab318_CNP.jpg	vp092007rab318_CNP.tiff	exact
vs062408rol419_CNP	vs062408rol419_CNP.jpg	vs062408rol419_CNP.tiff	exact
wa040907rol2_CNP	wa040907rol2_CNP.jpg	wa040907rol2_CNP.tiff	exact
wa040907rol2_CP	wa040907rol2_CP.JPG	wa040907rol2_CP.tif	exact
wa040907rol2_NCP	wa040907rol2_NCP.JPG	wa040907rol2_NCP.tif	exact
wb051707rol84_CNP	wb051707rol84_CNP.jpg	wb051707rol84_CNP.tiff	exact
wb072507rab240_CNP	wb072507rab240_CNP.jpg	wb072507rab240_CNP.tiff	exact
wb090808rol482_CNP	wb090808rol482_CNP.jpg	wb090808rol482_CNP.tiff	exact
wb120208rol533_CNP	wb120208rol533_CNP.jpg	wb120208rol533_CNP.tiff	exact
we042108rab668_CNP	we042108rab668_CNP.jpg	we042108rab668_CNP.tiff	exact
wf042407rol61_CNP	wf042407rol61_CNP.jpg	wf042407rol61_CNP.tiff	exact
wj031909rab1009_CNP	wj031909rab1009_CNP.jpg	wj031909rab1009_CNP.tiff	exact
wl061108rab736_CNP	wl061108rab736_CNP.jpg	wl061108rab736_CNP.tiff	exact
wr030907rol17_CNP	wr030907rol17_CNP.jpg	wr030907rol17_CNP.tiff	exact
ww102207rol244_CNP	ww102207rol244_CNP.jpg	ww102207rol244_CNP.tiff	exact
yw101308rol505_CNP	yw101308rol505_CNP.jpg	yw101308rol505_CNP.tiff	exact
yw101308rol505_CP	yw101308rol505_CP.JPG	yw101308rol505_CP.tif	exact
yw101308rol505_NCP	yw101308rol505_NCP.JPG	yw101308rol505_NCP.tif	exact
DS_0120617	DS_0120617.jpg	DS_0120617mask.jpg	normalized
DS_0120629	DS_0120629.jpg	DS_0120629mask.jpg	normalized
DS_0120639	DS_0120639.jpg	DS_0120639mask.jpg	normalized
DS_0120703	DS_0120703.jpg	DS_0120703mask.jpg	normalized
DS_0120752	DS_0120752.jpg	DS_0120752mask.jpg	normalized
DS_0120809	DS_0120809.jpg	DS_0120809mask.jpg	normalized
DS_0120827	DS_0120827.jpg	DS_0120827mask.jpg	normalized
DS_0121015	DS_0121015.jpg	DS_0121015mask.jpg	normalized
DS_0121083	DS_0121083.jpg	DS_0121083mask.jpg	normalized
DS_0121194	DS_0121194.jpg	DS_0121194mask.jpg	normalized
DS_0121285	DS_0121285.jpg	DS_0121285mask.jpg	normalized
DS_0121337	DS_0121337.jpg	DS_0121337mask.jpg	normalized
DS_0121344	DS_0121344.jpg	DS_0121344mask.jpg	normalized
DS_0121345	DS_0121345.jpg	DS_0121345mask.jpg	normalized
DS_0121422	DS_0121422.jpg	DS_0121422mask.jpg	normalized
DS_0121811	DS_0121811.jpg	DS_0121811mask.jpg	normalized
DS_0121954	DS_0121954.jpg	DS_0121954mask.jpg	normalized
DS_0122153	DS_0122153.jpg	DS_0122153mask.jpg	normalized
DS_0122237	DS_0122237.jpg	DS_0122237mask.jpg	normalized
DS_0122338	DS_0122338.jpg	DS_0122338mask.jpg	normalized
DS_0122598	DS_0122598.jpg	DS_0122598mask.jpg	normalized
DS_0122653	DS_0122653.jpg	DS_0122653mask.jpg	normalized
DS_0122819	DS_0122819.jpg	DS_0122819mask.jpg	normalized
ISIC_0010193	ISIC_0010193.jpg	ISIC-0010193_ok.tiff	normalized
ISIC_0012294	ISIC_0012294_downsampled.jpg	ISIC_0012294_wvs.tiff	normalized
ISIC_0012329	ISIC_0012329_downsampled.jpg	ISIC_0012329_wvs.tiff	normalized
ISIC_0012705	ISIC_0012705_downsampled.jpg	ISIC_0012705_wvs.tiff	normalized
ISIC_0012792	ISIC_0012792_downsampled.jpg	ISIC_0012792_wvs.tiff	normalized
ISIC_0012959	ISIC_0012959_downsampled.jpg	ISIC_0012959_wvs.tiff	normalized
ISIC_0012967	ISIC_0012967_downsampled.jpg	ISIC-0012967-downsampled_ok.tiff	normalized
ISIC_0013680	ISIC_0013680_downsampled.jpg	ISIC_0013680_ok.tiff	normalized
ISIC_0014074	ISIC_0014074_downsampled.jpg	ISIC_0014074_wvs.tiff	normalized
ISIC_0014251	ISIC_0014251_downsampled.jpg	ISIC_0014251_wvs.tiff	normalized
ISIC_0014504	ISIC_0014504_downsampled.jpg	ISIC_0014504_wvs.tiff	normalized
ISIC_0014615	ISIC_0014615_downsampled.jpg	ISIC_0014615_wvs.tiff	normalized
ISIC_0024605	ISIC_0024605.jpg	ISIC-0024605_ok.tiff	normalized
ISIC_0024636	ISIC_0024636.jpg	ISIC_0024636_ok.tiff	normalized
ISIC_0024758	ISIC_0024758.jpg	ISIC_0024758_wvs.tiff	normalized
ISIC_0024760	ISIC_0024760.jpg	ISIC_0024760_wvs.tiff	normalized
ISIC_0024761	ISIC_0024761.jpg	ISIC_0024761_ok.tiff	normalized
ISIC_0024770	ISIC_0024770.jpg	ISIC_0024770_ok.tiff	normalized
ISIC_0024772	ISIC_0024772.jpg	ISIC_0024772_wvs.tiff	normalized
ISIC_0024773	ISIC_0024773.jpg	ISIC_0024773_wvs.tiff	normalized
ISIC_0024774	ISIC_0024774.jpg	ISIC_0024774_wvs.tiff	normalized
ISIC_0024782	ISIC_0024782.jpg	ISIC_0024782_wvs.tiff	normalized
ISIC_0024786	ISIC_0024786.jpg	ISIC_0024786_wvs.tiff	normalized
ISIC_0024814	ISIC_0024814.jpg	Copy of ISIC_0024814_ok.tiff	normalized
ISIC_0024839	ISIC_0024839.jpg	Copy of ISIC_0024839_ok.tiff	normalized
ISIC_0024851	ISIC_0024851.jpg	Copy of ISIC_0024851_ok.tiff	normalized
ISIC_0024871	ISIC_0024871.jpg	Copy of ISIC_0024871_ok.tiff	normalized
ISIC_0024877	ISIC_0024877.jpg	ISIC_0024877_wvs.tiff	normalized
ISIC_0024880	ISIC_0024880.jpg	Copy of ISIC_0024880_ok.tiff	normalized
ISIC_0024881	ISIC_0024881.jpg	ISIC_0024881_ok.tiff	normalized
ISIC_0024893	ISIC_0024893.jpg	ISIC_0024893_wvs.tiff	normalized
ISIC_0024909	ISIC_0024909.jpg	ISIC_0024909_ok.tiff	normalized
ISIC_0024910	ISIC_0024910.jpg	ISIC_0024910_ok.tiff	normalized
ISIC_0024947	ISIC_0024947.jpg	ISIC_0024947_ok.tiff	normalized
ISIC_0024970	ISIC_0024970.jpg	ISIC_0024970_ok.tiff	normalized
ISIC_0024971	ISIC_0024971.jpg	ISIC_0024971_wvs.tiff	normalized
ISIC_0024981	ISIC_0024981.jpg	ISIC_0024981_wvs.tiff	normalized
ISIC_0024982	ISIC_0024982.jpg	ISIC_0024982_wvs.tiff	normalized
ISIC_0025005	ISIC_0025005.jpg	ISIC_0025005_ok.tiff	normalized
ISIC_0025016	ISIC_0025016.jpg	ISIC_0025016_ok.tiff	normalized
ISIC_0025030	ISIC_0025030.jpg	ISIC_0025030_ok.tiff	normalized
ISIC_0025032	ISIC_0025032.jpg	ISIC_0025032_wvs.tiff	normalized
ISIC_0025038	ISIC_0025038.jpg	ISIC_0025038_wvs.tiff	normalized
ISIC_0025063	ISIC_0025063.jpg	ISIC_0025063_wvs.tiff	normalized
ISIC_0025066	ISIC_0025066.jpg	ISIC_0025066_ok.tiff	normalized
ISIC_0025068	ISIC_0025068.jpg	ISIC_0025068_wvs.tiff	normalized
ISIC_0025076	ISIC_0025076.jpg	ISIC_0025076_ok.tiff	normalized
ISIC_0025083	ISIC_0025083.jpg	ISIC_0025083_ok.tiff	normalized
ISIC_0025086	ISIC_0025086.jpg	ISIC_0025086_wvs.tiff	normalized
ISIC_0025099	ISIC_0025099.jpg	ISIC_0025099_wvs.tiff	normalized
ISIC_0025103	ISIC_0025103.jpg	ISIC_0025103_ok.tiff	normalized
ISIC_0025113	ISIC_0025113.jpg	ISIC_0025113_ok.tiff	normalized
ISIC_0025131	ISIC_0025131.jpg	ISIC_0025131_ok.tiff	normalized
ISIC_0025136	ISIC_0025136.jpg	ISIC_0025136_ok.tiff	normalized
ISIC_0025140	ISIC_0025140.jpg	ISIC_0025140_ok.tiff	normalized
ISIC_0025157	ISIC_0025157.jpg	ISIC_0025157_ok.tiff	normalized
ISIC_0025180	ISIC_0025180.jpg	ISIC_0025180_ok.tiff	normalized
ISIC_0025209	ISIC_0025209.jpg	ISIC_0025209_wvs.tiff	normalized
ISIC_0025222	ISIC_0025222.jpg	ISIC_0025222_ok.tiff	normalized
ISIC_0025275	ISIC_0025275.jpg	ISIC_0025275_ok.tiff	normalized
ISIC_0025286	ISIC_0025286.jpg	ISIC_0025286_ok.tiff	normalized
ISIC_0025292	ISIC_0025292.jpg	ISIC_0025292_ok.tiff	normalized
ISIC_0025326	ISIC_0025326.jpg	ISIC_0025326_ok.tiff	normalized
ISIC_0025330	ISIC_0025330.jpg	ISIC_0025330_ok.tiff	normalized
ISIC_0025337	ISIC_0025337.jpg	ISIC_0025337_ok.tiff	normalized
ISIC_0025339	ISIC_0025339.jpg	ISIC_0025339_wvs.tiff	normalized
ISIC_0025374	ISIC_0025374.jpg	ISIC_0025374_ok.tiff	normalized
ISIC_0025376	ISIC_0025376.jpg	ISIC_0025376_wvs.tiff	normalized
ISIC_0025388	ISIC_0025388.jpg	ISIC_0025388_wvs.tiff	normalized
ISIC_0025389	ISIC_0025389.jpg	ISIC_0025389_wvs.tiff	normalized
ISIC_0025392	ISIC_0025392.jpg	ISIC_0025392_wvs.tiff	normalized
ISIC_0025419	ISIC_0025419.jpg	ISIC_0025419_wvs.tiff	normalized
ISIC_0025434	ISIC_0025434.jpg	ISIC_0025434_wvs.tiff	normalized
ISIC_0025510	ISIC_0025510.jpg	ISIC_0025510_V_ahf_ok.tif	normalized
ISIC_0025529	ISIC_0025529.jpg	ISIC_0025529_V_ahf_ok.tif	normalized
ISIC_0025548	ISIC_0025548.jpg	ISIC_0025548_V_ahf_ok.tif	normalized
ISIC_0025554	ISIC_0025554.jpg	ISIC_0025554_V_ahf_wvs.tiff	normalized
ISIC_0025575	ISIC_0025575.jpg	ISIC_0025575_V_ahf_wvs.tiff	normalized
ISIC_0025627	ISIC_0025627.jpg	ISIC_0025627_V_ahf_ok.tif	normalized
ISIC_0025656	ISIC_0025656.jpg	ISIC_0025656_V_ahf_ok.tif	normalized
ISIC_0025659	ISIC_0025659.jpg	ISIC_0025659_V_ahf_ok.tif	normalized
ISIC_0025693	ISIC_0025693.jpg	ISIC_0025693_V_ahf_ok.tif	normalized
ISIC_0025703	ISIC_0025703.jpg	ISIC_0025703_V_ahf_wvs.tiff	normalized
ISIC_0025710	ISIC_0025710.jpg	ISIC_0025710_V_ahf_ok.tif	normalized
ISIC_0025716	ISIC_0025716.jpg	ISIC_0025716_V_ahf_ok.tif	normalized
ISIC_0025719	ISIC_0025719.jpg	ISIC_0025719_V_ahf_ok.tif	normalized
ISIC_0025743	ISIC_0025743.jpg	ISIC_0025743_V_ahf_ok.tif	normalized
ISIC_0025753	ISIC_0025753.jpg	ISIC_0025753_V_ahf_wvs.tiff	normalized
ISIC_0025767	ISIC_0025767.jpg	ISIC_0025767_V_ahf_ok.tif	normalized
ISIC_0025781	ISIC_0025781.jpg	ISIC_0025781_V_ahf_ok.tif	normalized
ISIC_0025805	ISIC_0025805.jpg	ISIC_0025805_V_ahf_ok.tif	normalized
ISIC_0025830	ISIC_0025830.jpg	ISIC_0025830_V_ahf_wvs.tiff	normalized
ISIC_0025874	ISIC_0025874.jpg	ISIC_0025874_V_ahf_wvs_.tiff	normalized
ISIC_0025939	ISIC_0025939.jpg	ISIC_0025939_V_ahf_ok.tif	normalized
ISIC_0026018	ISIC_0026018.jpg	ISIC_0026018_V_ahf_ok.tif	normalized
ISIC_0026060	ISIC_0026060.jpg	ISIC_0026060_V_ahf_ok.tif	normalized
ISIC_0026069	ISIC_0026069.jpg	ISIC_0026069_V_ahf_ok.tif	normalized
ISIC_0026072	ISIC_0026072.jpg	ISIC_0026072_V_ahf_ok.tif	normalized
ISIC_0026135	ISIC_0026135.jpg	ISIC_0026135_V_ahf_ok.tif	normalized
ISIC_0026153	ISIC_0026153.jpg	ISIC_0026153_V_ahf_ok.tif	normalized
ISIC_0026159	ISIC_0026159.jpg	ISIC_0026159_V_ahf_ok.tif	normalized
ISIC_0026263	ISIC_0026263.jpg	ISIC_0026263_V_ahf_wvs.tiff	normalized
ISIC_0026277	ISIC_0026277.jpg	ISIC_0026277_V_ahf_wvs.tiff	normalized
ISIC_0026311	ISIC_0026311.jpg	ISIC_0026311_V_ahf_ok.tif	normalized
ISIC_0026493	ISIC_0026493.jpg	ISIC_0026493_wvs.tiff	normalized
ISIC_0026526	ISIC_0026526.jpg	ISIC_0026526_wvs.tiff	normalized
ISIC_0026538	ISIC_0026538.jpg	ISIC_0026538_wvs.tiff	normalized
ISIC_0026539	ISIC_0026539.jpg	ISIC_0026539_wvs.tiff	normalized
ISIC_0026553	ISIC_0026553.jpg	ISIC_0026553_wvs.tiff	normalized
ISIC_0026567	ISIC_0026567.jpg	ISIC_0026567_ok.tiff	normalized
ISIC_0026576	ISIC_0026576.jpg	ISIC_0026576_ok.tiff	normalized
ISIC_0026590	ISIC_0026590.jpg	ISIC_0026590_wvs.tiff	normalized
ISIC_0026634	ISIC_0026634.jpg	ISIC_0026634_wvs.tiff	normalized
ISIC_0026663	ISIC_0026663.jpg	ISIC_0026663_ok.tif	normalized
ISIC_0026679	ISIC_0026679.jpg	ISIC_0026679_V_ahf_revised_ok.tiff	normalized
ISIC_0026704	ISIC_0026704.jpg	ISIC_0026704_wvs.tiff	normalized
ISIC_0026714	ISIC_0026714.jpg	ISIC_0026714_ok.tif	normalized
ISIC_0026737	ISIC_0026737.jpg	ISIC_0026737_wvs.tiff	normalized
ISIC_0026786	ISIC_0026786.jpg	ISIC_0026786_sls_ok.tif	normalized
ISIC_0026787	ISIC_0026787.jpg	ISIC_0026787_wvs.tiff	normalized
ISIC_0026832	ISIC_0026832.jpg	ISIC-0026832_ok.tiff	normalized
ISIC_0026923	ISIC_0026923.jpg	ISIC_0026923_wvs.tiff	normalized
ISIC_0026955	ISIC_0026955.jpg	ISIC_0026955_wvs.tiff	normalized
ISIC_0027053	ISIC_0027053.jpg	ISIC_0027053_ok.tiff	normalized
ISIC_0027083	ISIC_0027083.jpg	ISIC_0027083_wvs.tiff	normalized
ISIC_0027275	ISIC_0027275.jpg	ISIC_0027275_ok.tiff	normalized
ISIC_0027355	ISIC_0027355.jpg	ISIC_0027355_wvs.tiff	normalized
ISIC_0028048	ISIC_0028048.jpg	ISIC-0028048_ok.tiff	normalized
ISIC_0028289	ISIC_0028289.jpg	ISIC_0028289_ok.tiff	normalized
ISIC_0028353	ISIC_0028353.jpg	ISIC-0028353_ok.tiff	normalized
ISIC_0028741	ISIC_0028741.jpg	ISIC-0028741_ok.tiff	normalized
ISIC_0029259	ISIC_0029259.jpg	ISIC-0029259_ok.tiff	normalized
ISIC_0030035	ISIC_0030035.jpg	ISIC-0030035_ok.tiff	normalized
ISIC_0030231	ISIC_0030231.jpg	ISIC_0030231_ok.tiff	normalized
ISIC_0030258	ISIC_0030258.jpg	ISIC_0030258_ok.tiff	normalized
ISIC_0030310	ISIC_0030310.jpg	ISIC_0030310_wvs.tiff	normalized
ISIC_0030316	ISIC_0030316.jpg	ISIC_0030316_ok.tiff	normalized
ISIC_0030346	ISIC_0030346.jpg	ISIC_0030346_ok.tiff	normalized
ISIC_0030365	ISIC_0030365.jpg	ISIC_0030365_ok.tiff	normalized
ISIC_0030369	ISIC_0030369.jpg	ISIC_0030369_ok.tiff	normalized
ISIC_0030372	ISIC_0030372.jpg	ISIC_0030372_ok.tiff	normalized
ISIC_0030383	ISIC_0030383.jpg	ISIC_0030383_ok.tiff	normalized
ISIC_0030396	ISIC_0030396.jpg	ISIC_0030396_ok.tiff	normalized
ISIC_0030458	ISIC_0030458.jpg	ISIC_0030458_ok.tiff	normalized
ISIC_0030480	ISIC_0030480.jpg	ISIC-0030480_ok.tiff	normalized
ISIC_0030542	ISIC_0030542.jpg	ISIC_0030542_ok.tiff	normalized
ISIC_0030565	ISIC_0030565.jpg	ISIC_0030565_ok.tiff	normalized
ISIC_0030629	ISIC_0030629.jpg	ISIC_0030629_wvs.tiff	normalized
ISIC_0030649	ISIC_0030649.jpg	ISIC_0030649_ok.tiff	normalized
ISIC_0030677	ISIC_0030677.jpg	ISIC_0030677_ok.tiff	normalized
ISIC_0030683	ISIC_0030683.jpg	ISIC_0030683_ok.tiff	normalized
ISIC_0030721	ISIC_0030721.jpg	ISIC_0030721_ok.tiff	normalized
ISIC_0030731	ISIC_0030731.jpg	ISIC_0030731_ok.tiff	normalized
ISIC_0030744	ISIC_0030744.jpg	ISIC_0030744_ok.tiff	normalized
ISIC_0030801	ISIC_0030801.jpg	ISIC_0030801_ok.tiff	normalized
ISIC_0030806	ISIC_0030806.jpg	ISIC_0030806_ok.tiff	normalized
ISIC_0030812	ISIC_0030812.jpg	ISIC_0030812_ok.tiff	normalized
ISIC_0030822	ISIC_0030822.jpg	ISIC_0030822_ok.tiff	normalized
ISIC_0030849	ISIC_0030849.jpg	ISIC_0030849_ok.tiff	normalized
ISIC_0030864	ISIC_0030864.jpg	ISIC_0030864_sls_ok.tif	normalized
ISIC_0030876	ISIC_0030876.jpg	ISIC_0030876_ok.tiff	normalized
ISIC_0031060	ISIC_0031060.jpg	ISIC_0031060_ok.tiff	normalized
ISIC_0031130	ISIC_0031130.jpg	ISIC_0031130_ok.tiff	normalized
ISIC_0031133	ISIC_0031133.jpg	ISIC_0031133_ok.tiff	normalized
ISIC_0031159	ISIC_0031159.jpg	ISIC_0031159_ok.tiff	normalized
ISIC_0031168	ISIC_0031168.jpg	ISIC_0031168_ok.tiff	normalized
ISIC_0031181	ISIC_0031181.jpg	ISIC_0031181_ok.tiff	normalized
ISIC_0031184	ISIC_0031184.jpg	ISIC_0031184_wvs.tiff	normalized
ISIC_0031200	ISIC_0031200.jpg	ISIC_0031200_ok.tiff	normalized
ISIC_0031212	ISIC_0031212.jpg	ISIC_0031212_ok.tiff	normalized
ISIC_0031349	ISIC_0031349.jpg	ISIC_0031349_ok.tiff	normalized
ISIC_0031376	ISIC_0031376.jpg	ISIC_0031376_ok.tiff	normalized
ISIC_0031424	ISIC_0031424.jpg	ISIC_0031424_ok.tiff	normalized
ISIC_0031449	ISIC_0031449.jpg	ISIC_0031449_wvs.tiff	normalized
ISIC_0031459	ISIC_0031459.jpg	ISIC_0031459_ok.tiff	normalized
ISIC_0031465	ISIC_0031465.jpg	ISIC_0031465_wvs.tiff	normalized
ISIC_0031485	ISIC_0031485.jpg	ISIC_0031485_ok.tiff	normalized
ISIC_0031522	ISIC_0031522.jpg	ISIC_0031522_wvs.tiff	normalized
ISIC_0031528	ISIC_0031528.jpg	ISIC_0031528_wvs.tiff	normalized
ISIC_0031580	ISIC_0031580.jpg	ISIC_0031580_ok.tiff	normalized
ISIC_0031584	ISIC_0031584.jpg	ISIC_0031584_ok.tiff	normalized
ISIC_0031593	ISIC_0031593.jpg	ISIC_0031593_ok.tiff	normalized
ISIC_0031600	ISIC_0031600.jpg	ISIC_0031600_ok.tiff	normalized
ISIC_0031601	ISIC_0031601.jpg	ISIC_0031601_ok.tiff	normalized
ISIC_0031620	ISIC_0031620.jpg	ISIC_0031620_wvs.tiff	normalized
ISIC_0031630	ISIC_0031630.jpg	ISIC_0031630_ok.tiff	normalized
ISIC_0031677	ISIC_0031677.jpg	ISIC_0031677_wvs.tiff	normalized
ISIC_0031686	ISIC_0031686.jpg	ISIC_0031686_wvs.tiff	normalized
ISIC_0031702	ISIC_0031702.jpg	ISIC_0031702_ok.tiff	normalized
ISIC_0031716	ISIC_0031716.jpg	ISIC_0031716_ok.tiff	normalized
ISIC_0031753	ISIC_0031753.jpg	ISIC_0031753_wvs.tiff	normalized
ISIC_0031766	ISIC_0031766.jpg	ISIC_0031766_ok.tiff	normalized
ISIC_0031783	ISIC_0031783.jpg	ISIC_0031783_ok.tiff	normalized
ISIC_0031808	ISIC_0031808.jpg	ISIC_0031808_ok.tiff	normalized
ISIC_0031812	ISIC_0031812.jpg	ISIC_0031812_ok.tiff	normalized
ISIC_0031825	ISIC_0031825.jpg	ISIC_0031825_ok.tiff	normalized
ISIC_0031851	ISIC_0031851.jpg	ISIC_0031851_wvs.tiff	normalized
ISIC_0031872	ISIC_0031872.jpg	ISIC_0031872_ok.tiff	normalized
ISIC_0031876	ISIC_0031876.jpg	ISIC_0031876_ok.tiff	normalized
ISIC_0031888	ISIC_0031888.jpg	ISIC_0031888_ok.tiff	normalized
ISIC_0031893	ISIC_0031893.jpg	ISIC_0031893_ok.tiff	normalized
ISIC_0031945	ISIC_0031945.jpg	ISIC_0031945_ok.tiff	normalized
ISIC_0031951	ISIC_0031951.jpg	ISIC_0031951_ok.tiff	normalized
ISIC_0031961	ISIC_0031961.jpg	ISIC_0031961_wvs.tiff	normalized
ISIC_0031980	ISIC_0031980.jpg	ISIC_0031980_ok.tiff	normalized
ISIC_0031989	ISIC_0031989.jpg	ISIC_0031989_ok.tiff	normalized
ISIC_0032006	ISIC_0032006.jpg	ISIC_0032006_ok.tiff	normalized
ISIC_0032024	ISIC_0032024.jpg	ISIC_0032024_wvs.tiff	normalized
ISIC_0032043	ISIC_0032043.jpg	ISIC_0032043_ok.tiff	normalized
ISIC_0032048	ISIC_0032048.jpg	ISIC_0032048_wvs.tiff	normalized
ISIC_0032051	ISIC_0032051.jpg	ISIC_0032051_ok.tiff	normalized
ISIC_0032124	ISIC_0032124.jpg	ISIC_0032124_ok.tiff	normalized
ISIC_0032403	ISIC_0032403.jpg	ISIC_0032403_ok.tif	normalized
ISIC_0053799	ISIC_0053799.jpg	ISIC_0053799_ok.tif	normalized
ISIC_0053826	ISIC_0053826.jpg	ISIC_0053826_wvs.tiff	normalized
ISIC_0053892	ISIC_0053892.jpg	ISIC_0053892_wvs.tiff	normalized
ISIC_0053944	ISIC_0053944.jpg	ISIC_0053944_ok.tif	normalized
ISIC_0053950	ISIC_0053950.jpg	ISIC_0053950_ok.tif	normalized
ISIC_0054081	ISIC_0054081.jpg	ISIC_0054081_wvs.tiff	normalized
ISIC_0054118	ISIC_0054118.jpg	ISIC_0054118_wvs.tiff	normalized
ISIC_0054127	ISIC_0054127.jpg	ISIC_0054127_wvs.tiff	normalized
ISIC_0054137	ISIC_0054137.jpg	ISIC_0054137_ok.tif	normalized
ISIC_0054178	ISIC_0054178.jpg	ISIC_0054178_wvs.tiff	normalized
ISIC_0054181	ISIC_0054181.jpg	ISIC_0054181_wvs.tiff	normalized
ISIC_0054223	ISIC_0054223.jpg	ISIC_0054223_ok.tif	normalized
ISIC_0054259	ISIC_0054259.jpg	ISIC_0054259_wvs.tiff	normalized
ISIC_0054271	ISIC_0054271.jpg	ISIC_0054271_ok.tif	normalized
ISIC_0054272	ISIC_0054272.jpg	ISIC_0054272_ok.tif	normalized
ISIC_0054333	ISIC_0054333.jpg	ISIC_0054333_wvs.tiff	normalized
ISIC_0054359	ISIC_0054359.jpg	ISIC_0054359_wvs.tiff	normalized
ISIC_0054432	ISIC_0054432.jpg	ISIC_0054432_wvs.tiff	normalized
ISIC_0054433	ISIC_0054433.jpg	ISIC_0054433_ok.tif	normalized
ISIC_0054531	ISIC_0054531.jpg	ISIC_0054531_wvs.tiff	normalized
ISIC_0054533	ISIC_0054533.jpg	ISIC_0054533_wvs.tiff	normalized
ISIC_0054556	ISIC_0054556.jpg	ISIC_0054556_wvs.tiff	normalized
ISIC_0054583	ISIC_0054583.jpg	ISIC_0054583_ok.tif	normalized
ISIC_0054592	ISIC_0054592.jpg	ISIC_0054592_wvs.tiff	normalized
ISIC_0054594	ISIC_0054594.jpg	ISIC_0054594_ok.tif	normalized
ISIC_0054598	ISIC_0054598.jpg	ISIC_0054598_ok.tif	normalized
ISIC_0054634	ISIC_0054634.jpg	ISIC_0054634_wvs.tiff	normalized
ISIC_0054635	ISIC_0054635.jpg	ISIC_0054635_wvs.tiff	normalized
ISIC_0054666	ISIC_0054666.jpg	ISIC_0054666_wvs.tiff	normalized
ISIC_0054687	ISIC_0054687.jpg	ISIC_0054687_ok.tif	normalized
ISIC_0054689	ISIC_0054689.jpg	ISIC_0054689_wvs.tiff	normalized
ISIC_0054805	ISIC_0054805.jpg	ISIC_0054805_wvs.tiff	normalized
ISIC_0054878	ISIC_0054878.jpg	ISIC_0054878_ok.tif	normalized
ISIC_0054899	ISIC_0054899.jpg	ISIC_0054899_ok.tif	normalized
ISIC_0054908	ISIC_0054908.jpg	ISIC_0054908_wvs.tiff	normalized
ISIC_0054921	ISIC_0054921.jpg	ISIC_0054921_ok.tif	normalized
ISIC_0055099	ISIC_0055099.jpg	ISIC_0055099_wvs.tiff	normalized
ISIC_0055159	ISIC_0055159.jpg	ISIC_0055159_ok.tif	normalized
ISIC_0055176	ISIC_0055176.jpg	ISIC_0055176_ok.tif	normalized
ISIC_0055250	ISIC_0055250.jpg	ISIC_0055250_wvs.tiff	normalized
ISIC_0055259	ISIC_0055259.jpg	ISIC_0055259_ok.tif	normalized
ISIC_0055260	ISIC_0055260.jpg	ISIC_0055260_ok.tif	normalized
ISIC_0055273	ISIC_0055273.jpg	ISIC_0055273_wvs.tiff	normalized
ISIC_0055331	ISIC_0055331.jpg	ISIC_0055331_wvs.tiff	normalized
ISIC_0055374	ISIC_0055374.jpg	ISIC_0055374_wvs.tiff	normalized
ISIC_0055400	ISIC_0055400.jpg	ISIC_0055400_ok.tif	normalized
ISIC_0055452	ISIC_0055452.jpg	ISIC_0055452-wvs.tiff	normalized
ISIC_0055475	ISIC_0055475.jpg	ISIC_0055475_ok.tif	normalized
ISIC_0055596	ISIC_0055596.jpg	ISIC_0055596_wvs.tiff	normalized
ISIC_0055609	ISIC_0055609.jpg	ISIC_0055609_ok.tif	normalized
ISIC_0055639	ISIC_0055639.jpg	ISIC_0055639_ok.tif	normalized
ISIC_0055686	ISIC_0055686.jpg	ISIC_0055686_wvs.tiff	normalized
ISIC_0055689	ISIC_0055689.jpg	ISIC_0055689_ok.tif	normalized
ISIC_0055724	ISIC_0055724.jpg	ISIC_0055724_ok.tif	normalized
ISIC_0055732	ISIC_0055732.jpg	ISIC_0055732_ok.tif	normalized
ISIC_0055809	ISIC_0055809.jpg	ISIC_0055809_wvs.tiff	normalized
ISIC_0055838	ISIC_0055838.jpg	ISIC_0055838_wvs.tiff	normalized
ISIC_0055844	ISIC_0055844.jpg	ISIC_0055844_ok.tif	normalized
ISIC_0055889	ISIC_0055889.jpg	ISIC_0055889_wvs.tiff	normalized
ISIC_0055908	ISIC_0055908.jpg	ISIC_0055908_ok.tif	normalized
ISIC_0055977	ISIC_0055977.jpg	ISIC_0055977_ok.tif	normalized
ISIC_0055989	ISIC_0055989.jpg	ISIC_0055989_ok.tif	normalized
ISIC_0056002	ISIC_0056002.jpg	ISIC_0056002_wvs.tiff	normalized
ISIC_0056004	ISIC_0056004.jpg	ISIC_0056004_wvs.tiff	normalized
ISIC_0056005	ISIC_0056005.jpg	ISIC_0056005_ok.tif	normalized
ISIC_0056016	ISIC_0056016.jpg	ISIC_0056016_wvs.tiff	normalized
ISIC_0056037	ISIC_0056037.jpg	ISIC_0056037_ok.tif	normalized
ISIC_0056052	ISIC_0056052.jpg	ISIC_0056052_ok.tif	normalized
ISIC_0056071	ISIC_0056071.jpg	ISIC_0056071_wvs.tiff	normalized
ISIC_0056073	ISIC_0056073.jpg	ISIC_0056073_wvs.tiff	normalized
ISIC_0056101	ISIC_0056101.jpg	ISIC_0056101_wvs.tiff	normalized
ISIC_0056115	ISIC_0056115.jpg	ISIC_0056115_wvs.tiff	normalized
ISIC_0056128	ISIC_0056128.jpg	ISIC_0056128_ok.tif	normalized
ISIC_0056159	ISIC_0056159.jpg	ISIC_0056159_ok.tif	normalized
ISIC_0056166	ISIC_0056166.jpg	ISIC_0056166_wvs.tiff	normalized
ISIC_0056176	ISIC_0056176.jpg	ISIC_0056176_ok.tif	normalized
ISIC_0056273	ISIC_0056273.jpg	ISIC_0056273_ok.tif	normalized
ISIC_0056278	ISIC_0056278.jpg	ISIC_0056278_ok.tif	normalized
ISIC_0056302	ISIC_0056302.jpg	ISIC_0056302_ok.tif	normalized
ISIC_0056421	ISIC_0056421.jpg	ISIC_0056421_ok.tif	normalized
ISIC_0056437	ISIC_0056437.jpg	ISIC_0056437_ok.tif	normalized
ISIC_0056504	ISIC_0056504.jpg	ISIC_0056504_ok.tif	normalized
ISIC_0056630	ISIC_0056630.jpg	ISIC_0056630_ok.tif	normalized
ISIC_0056724	ISIC_0056724.jpg	ISIC_0056724_ok.tif	normalized
ISIC_0056745	ISIC_0056745.jpg	ISIC_0056745_ok.tif	normalized
ISIC_0056867	ISIC_0056867.jpg	ISIC_0056867_wvs.tiff	normalized
ISIC_0056898	ISIC_0056898.jpg	ISIC_0056898_ok.tif	normalized
ISIC_0056904	ISIC_0056904.jpg	ISIC_0056904_ok.tif	normalized
ISIC_0056905	ISIC_0056905.jpg	ISIC_0056905_ok.tif	normalized
ISIC_0056920	ISIC_0056920.jpg	ISIC_0056920_ok.tif	normalized
ISIC_0057022	ISIC_0057022.jpg	ISIC_0057022_ok.tif	normalized
ISIC_0057038	ISIC_0057038.jpg	ISIC_0057038_wvs.tiff	normalized
ISIC_0057040	ISIC_0057040.jpg	ISIC_0057040_wvs.tiff	normalized
ISIC_0057042	ISIC_0057042.jpg	ISIC_0057042_wvs.tiff	normalized
ISIC_0057051	ISIC_0057051.jpg	ISIC_0057051_wvs.tiff	normalized
ISIC_0057052	ISIC_0057052.jpg	ISIC_0057052_ok.tif	normalized
ISIC_0057072	ISIC_0057072.jpg	ISIC_0057072_wvs.tiff	normalized
ISIC_0057077	ISIC_0057077.jpg	ISIC_0057077_ok.tif	normalized
ISIC_0057126	ISIC_0057126.jpg	ISIC_0057126_ok.tif	normalized
ISIC_0057135	ISIC_0057135.jpg	ISIC_0057135_wvs.tiff	normalized
ISIC_0057357	ISIC_0057357.jpg	ISIC_0057357_ok.tif	normalized
ISIC_0057387	ISIC_0057387.jpg	ISIC_0057387_ok.tif	normalized
ISIC_0057455	ISIC_0057455.jpg	ISIC_0057455_ok.tif	normalized
ISIC_0057526	ISIC_0057526.jpg	ISIC_0057526_ok.tif	normalized
ISIC_0057706	ISIC_0057706.jpg	ISIC_0057706_ok.tif	normalized
ISIC_0057740	ISIC_0057740.jpg	ISIC_0057740_ok.tif	normalized
ISIC_0057806	ISIC_0057806.jpg	ISIC_0057806_ok.tif	normalized
ISIC_0057986	ISIC_0057986.jpg	ISIC_0057986_ok.tif	normalized
ISIC_0058163	ISIC_0058163.jpg	ISIC_0058163_ok.tif	normalized
ISIC_0058192	ISIC_0058192.jpg	ISIC_0058192_ok.tif	normalized
ISIC_0058242	ISIC_0058242.jpg	ISIC_0058242_ok.tif	normalized
ISIC_0058273	ISIC_0058273.jpg	ISIC_0058273_ok.tif	normalized
ISIC_0058320	ISIC_0058320.jpg	ISIC_0058320_ok.tif	normalized
ISIC_0058324	ISIC_0058324.jpg	ISIC_0058324_ok.tif	normalized
ISIC_0058430	ISIC_0058430.jpg	ISIC_0058430_wvs.tiff	normalized
ISIC_0058452	ISIC_0058452.jpg	ISIC_0058452_ok.tif	normalized
ISIC_0058459	ISIC_0058459.jpg	ISIC_0058459_ok.tif	normalized
ISIC_0058540	ISIC_0058540.jpg	ISIC_0058540_ok.tif	normalized
ISIC_0058593	ISIC_0058593.jpg	ISIC_0058593_ok.tif	normalized
ISIC_0058623	ISIC_0058623.jpg	ISIC_0058623_ok.tif	normalized
ISIC_0058653	ISIC_0058653.jpg	ISIC_0058653_ok.tif	normalized
ISIC_0058756	ISIC_0058756.jpg	ISIC_0058756_ok.tif	normalized
ISIC_0058762	ISIC_0058762.jpg	ISIC_0058762_ok.tif	normalized
ISIC_0058769	ISIC_0058769.jpg	ISIC_0058769_ok.tif	normalized
ISIC_0059546	ISIC_0059546.jpg	ISIC_0059546 copy.tif	normalized
ISIC_0060798	ISIC_0060798.jpg	ISIC_0060798-Recovered.tif	normalized
ISIC_0063799	ISIC_0063799.jpg	ISIC_0063799_wvs.tiff	normalized
ISIC_0063818	ISIC_0063818.jpg	ISIC_0063818_ok.tif	normalized
ISIC_0063849	ISIC_0063849.jpg	ISIC_0063849_ok.tif	normalized
ISIC_0064189	ISIC_0064189.jpg	ISIC_0064189_wvs.tiff	normalized
ISIC_0064942	ISIC_0064942.jpg	ISIC_0064942_ok.tif	normalized
ISIC_0065064	ISIC_0065064.jpg	ISIC_0065064_ok.tif	normalized
ISIC_0065232	ISIC_0065232.jpg	ISIC_0065232_ok.tif	normalized
ISIC_0065498	ISIC_0065498.jpg	ISIC_0065498_ok.tif	normalized
ISIC_0065744	ISIC_0065744.jpg	ISIC_0065744_ok.tif	normalized
ISIC_0065757	ISIC_0065757.jpg	ISIC_0065757_ok.tif	normalized
ISIC_0066013	ISIC_0066013.jpg	ISIC_0066013_ok.tif	normalized
ISIC_0066132	ISIC_0066132.jpg	ISIC_0066132_wvs.tiff	normalized
ISIC_0066288	ISIC_0066288.jpg	ISIC_0066288_ok.tif	normalized
ISIC_0066313	ISIC_0066313.jpg	ISIC_0066313_wvs.tiff	normalized
ISIC_0066345	ISIC_0066345.jpg	ISIC_0066345_wvs.tiff	normalized
ISIC_0066389	ISIC_0066389.jpg	ISIC_0066389_ok.tif	normalized
ISIC_0066680	ISIC_0066680.jpg	ISIC_0066680_wvs.tiff	normalized
ISIC_0066857	ISIC_0066857.jpg	ISIC_0066857_wvs.tiff	normalized
ISIC_0067068	ISIC_0067068.jpg	ISIC_0067068_ok.tif	normalized
ISIC_0067125	ISIC_0067125.jpg	ISIC_0067125_ok.tif	normalized
ISIC_0067408	ISIC_0067408.jpg	ISIC_0067408_wvs.tiff	normalized
ISIC_0067423	ISIC_0067423.jpg	ISIC_0067423_ok.tif	normalized
ISIC_0068521	ISIC_0068521.jpg	ISIC_0068521_ok.tif	normalized
ISIC_0068859	ISIC_0068859.jpg	ISIC_0068859_wvs.tif	normalized
ISIC_0068953	ISIC_0068953.jpg	ISIC_0068953_wvs.tiff	normalized
ISIC_0069057	ISIC_0069057.jpg	ISIC_0069057_wvs.tiff	normalized
ISIC_0069276	ISIC_0069276.jpg	ISIC_0069276_ok.tif	normalized
ISIC_0069425	ISIC_0069425.jpg	ISIC_0069425_wvs.tiff	normalized
ISIC_0069675	ISIC_0069675.jpg	ISIC_0069675_wvs.tiff	normalized
ISIC_0069683	ISIC_0069683.jpg	ISIC_0069683_ok.tif	normalized
ISIC_0069981	ISIC_0069981.jpg	ISIC_0069981_ok.tif	normalized
ISIC_0070219	ISIC_0070219.jpg	ISIC_0070219_ok.tif	normalized
ISIC_0070230	ISIC_0070230.jpg	ISIC_0070230_ok.tif	normalized
ISIC_0070503	ISIC_0070503.jpg	ISIC_0070503_wvs.tiff	normalized
ISIC_0071292	ISIC_0071292.jpg	ISIC_0071292_ok.tif	normalized
dh022908rol325_CP	dh022908rol325_CP.JPG		missing_mask
dh022908rol325_NCP		dh022908rol325_NCP.tiff	missing_image
